id_hal,Translation_id,line_id,source,translation,postedition
1,1,1,The government has compulsorily retired 15 more tax officers in the fourth tranche of its crackdown on errant officials accused of corruption and other malpractices.,Vláda povinně odešla do důchodu dalších 15 daňových úředníků ve čtvrté tranši svého zákroku proti errancujícím úředníkům obviněným z korupce a jiných nezákonných praktik.,Vláda přikázala odchod do důchodu dalším 15 daňovým úředníkům v rámci čtvrtého balíčku opatření proti úředníkům obviněným z korupce a dalších nezákonných praktik.
1,1,2,"The Central Board of Indirect Taxes and Customs (CBIC) -- the agency that oversees GST and import tax collections -- compulsorily retired 15 senior officers under Fundamental Rule 56 (J) on corruption and other charges, official sources said.","Ústřední rada nepřímých daní a cel (CBIC) - agentura, která dohlíží na GST a výběr daní z dovozu - povinně odešla do důchodu 15 vyšších důstojníků podle Základního pravidla 56 (J) o korupci a jiných poplatcích, uvedly oficiální zdroje.","Ústřední rada nepřímých daní a cel (CBIC) – agentura, která dohlíží na GST a výběr daní z dovozu – přikázala odchod do důchodu 15 vysokým úředníkům podle paragrafu 56 (j) o korupci a dalších poplatcích, jak uvedly oficiální zdroje."
1,1,3,"Since June, this is the fourth round of sacking of corrupt tax officials. In the previous three rounds, 49 high ranking tax officers, including 12 from the Central Board of Direct Taxes (CBDT), were compulsorily retired.","Od června je to čtvrté kolo vyhození zkorumpovaných daňových úředníků. V předchozích třech kolech bylo povinně vyslouženo 49 vysoce postavených daňových úředníků, včetně 12 z Ústřední rady pro přímé daně (CBDT).","Od června je to už počtvrté, co jsou zkorumpovaní daňoví úředníci vyhozeni z práce. V předchozích třech vlnách bylo donuceno odejít do důchodu 49 vysoce postavených daňových úředníků, včetně 12 úředníků z Ústřední rady pro přímé daně (CBDT)."
1,1,4,"Sources said the action was in line with Prime Minister Narendra Modi's address to the nation from the ramparts of the Red Fort when he had said some black sheep in the tax administration may have misused their powers and harassed taxpayers, either by targeting honest assesses or taking excessive action for minor or procedural violations.","Zdroj uvedl, že akce byla v souladu s adresou premiéra Narendry Modiho k národu z hradeb Rudé pevnosti, když řekl, že některé černé ovce v daňové správě mohly zneužít své pravomoci a obtěžovat daňové poplatníky, buď zaměřením na poctivé odměny, nebo přijetím nadměrná žaloba pro menší nebo procesní porušení.","Podle oficiálních zdrojů proběhla akce v návaznosti na projev ministerské předsedkyně Narendry Modiové k národu z hradeb Rudé pevnosti, kdy řekla, že někteří nepoctiví úředníci v systému daňové správy mohli zneužít své pravomoce a obtěžovat daňové poplatníky, buď tím, že perzekuovali poctivé plátce, nebo prováděli neadekvátní opatření za menší či procesní přestupky."
1,1,5,"""We have recently taken the bold step of compulsorily retiring a significant number of tax officials, and we will not tolerate this type of behaviour,"" he had said.","""Nedávno jsme podnikli odvážný krok povinného odchodu do důchodu značného počtu daňových úředníků a tento druh chování nebudeme tolerovat,"" uvedl.","„Nedávno jsme podnikli odvážný krok, když jsme donutili odejít do důchodu značný počet daňových úředníků, a takové chování nebudeme nadále tolerovat,“ uvedla."
1,1,6,"Nearly half of the officials retired were those who were arrested by the CBI for allegedly receiving illegal gratification. One of them was caught accepting a bribe of Rs 15,000. One official is accused of having assets disproportionate to his known source of income.","Téměř polovina úředníků v důchodu byli ti, kteří byli CBI zatčeni za údajné přijetí nezákonného uspokojení. Jeden z nich byl chycen přijetím úplatku ve výši 15 000 Rs. Jeden úředník je obviněn z majetku nepřiměřeného jeho známému zdroji příjmů.","Téměř polovina úředníků, kteří odešli do důchodu, byli ti, které CBI zatkla za údajné přijímání úplatků. Jeden z nich byl chycen při braní úplatku ve výši 15 000 RS. Další úředník je obviněn z nahromadění majetku nepřiměřeného jeho oficiálnímu zdroji příjmů."
1,1,7,"In June, the government had compulsorily retired 15 commissioner-level officials of CBIC on charges of corruption, collecting and giving bribes, smuggling and even criminal conspiracy. Prior to that, the government had compulsorily retired 12 senior IRS officials from the Income Tax department over charges of corruption, sexual harassment, disproportionate assets under Rule 56 (J) of the Central Civil Services (Pension) Rules.","V červnu vláda povinně odešla do důchodu 15 úředníků na úrovni komisařů na úrovni CBIC za obvinění z korupce, shromažďování a poskytování úplatků, pašování a dokonce trestního spiknutí. Předtím vláda povinně odešla do důchodu 12 vyšších úředníků IRS z oddělení daně z příjmu kvůli obvinění z korupce, sexuálního obtěžování a nepřiměřených aktiv podle pravidla 56 (J) pravidel ústředních státních služeb (důchodů).","V červnu vláda donutila odejít do důchodu 15 úředníků na postech komisařů CBIC kvůli obvinění z korupce, shromažďování a poskytování úplatků, pašování a dokonce i trestného činu spiknutí. Ještě předtím vláda poslala do důchodu 12 vysokých úředníků IRS z oddělení daní z příjmu rovněž kvůli obviněním z korupce, sexuálního obtěžování a nepřiměřeného hromadění majetku podle paragrafu 56 (j) Směrnice o ústředních státních službách (důchodech)."
1,1,8,"In August, the government compulsorily retired 22 CBIC officials. The Rule 56 (J) of Central Civil Services (Pension) Rules, 1972 provides for periodical review of the performance of government servants with a view to ascertain whether they should be retained in service or retired in public interest.","V srpnu vláda povinně odešla do důchodu 22 úředníků CBIC. Pravidlo 56 (J) Pravidel ústředních státních služeb (penzijních) z roku 1972 stanoví pravidelný přezkum výkonu státních zaměstnanců s cílem zjistit, zda by měli být zachováni ve službě nebo odešli ve veřejném zájmu.","V srpnu vláda poslala do důchodu 22 úředníků CBIC. Paragraf 56 (j) Směrnice o ústředních státních službách (důchodech) z roku 1972 stanovuje pravidelná přezkoumání výkonu státních zaměstnanců s cílem zjistit, zda mohou být ponecháni ve službě nebo propuštěni ve veřejném zájmu."
2,2,1,A woman in Maine got 500 letters from United Healthcare within five days,Žena v Maine dostala 500 dopisů od United Healthcare během pěti dnů,Žena v Maine obdržela během pěti dnů 500 dopisů od společnosti United Healthcare
2,2,2,Stephanie Lay said she found the piles of letters from the insurance company stashed in her mailbox between Thursday and Monday.,"Stephanie Lay uvedla, že ve čtvrtek a pondělí našla hromadu dopisů od pojišťovací společnosti ve své poštovní schránce.","Stephanie Layová uvedla, že během čtvrtka a pondělí našla ve své poštovní schránce hromadu dopisů od pojišťovací společnosti United Healthcare."
2,2,3,"""A week ago Thursday was the first wave of letters, I got 46 letters,"" she told CNN. ""I immediately called United Healthcare insurance and told them I received 46 letters of the same letter.""","„Před týdnem byla čtvrtek první vlna dopisů, mám 46 dopisů,“ řekla CNN. ""Okamžitě jsem zavolal na United Healthcare Insurance a řekl jsem jim, že jsem dostal 46 dopisů stejného dopisu.""","„Před týdnem ve čtvrtek přišla první vlna dopisů, obdržela jsem celkem 46 dopisů,“ řekla CNN. „Okamžitě jsem zavolala na pojišťovnu a řekla jsem jim, že jsem dostala 46 dopisů stejného znění.“"
2,2,4,"And the letters just kept coming, piling up to more than 500 by Monday.",A dopisy právě přicházely a v pondělí se hromadily na více než 500.,Dopisy chodily dál a v pondělí se jich nahromadilo více než 500.
2,2,5,"They were addressed to her son, who has autism and lives in a private care facility, she said. But instead of her son's name inside when you opened them, the letters said Dear Maine's Department of Health and Human Services -- in Cincinnati, she told local media.","Byli adresováni svému synovi, který má autismus a žije v soukromém zařízení péče. Ale místo jména jejího syna uvnitř, když jste je otevřeli, v dopisech bylo uvedeno ministerstvo zdravotnictví a lidských služeb Dear Maine - v Cincinnati, řekla místním médiím.","Byly adresovány jejímu synovi, který trpí autismem a žije v soukromém pečovatelském zařízení. Ale po otevření dopisů zjistila, že je uvnitř místo jména jejího syna uvedeno jako adresát Ministerstvo zdravotnictví a pečovatelských služeb v Maine, Cincinnati, řekla místním médiím."
2,2,6,"The letters were about a $54 or $0 healthcare claim that United Healthcare said is not covered, Lay said.","Dopisy se týkaly zdravotního tvrzení ve výši 54 $ nebo 0 $, které podle United Healthcare není pokryto, řekl Lay.","Dopisy se týkaly nároku na zdravotní péči ve výši 54 nebo 0 dolarů, která podle United Healthcare není pokrytá, řekla Layová."
2,2,7,"When she asked United Healthcare why she was receiving a mountain of letters, she was told it was a coding issue, she said.","Když se zeptala na United Healthcare, proč dostávala hora dopisů, bylo jí řečeno, že se jedná o problém s kódováním, řekla.","Když se zeptala United Healthcare, proč dostávala takovou spoustu dopisů, bylo jí řečeno, že se se jednalo o problém s kódováním, uvedla."
2,2,8,"In a statement, United Healthcare told CNN it's working to resolve the issue but it cannot provide details due to privacy requirements.","United Healthcare v prohlášení uvedla, že CNN pracuje na vyřešení problému, ale kvůli požadavkům na ochranu osobních údajů nemůže poskytnout podrobnosti.","Společnost United Healthcare v prohlášení pro CNN řekla, že pracuje na řešení problému, ale z důvodu ochrany osobních údajů nemůže poskytnout bližší podrobnosti."
3,3,1,"Using data and artificial intelligence to try and boost revenues is part of HSBC's broader push to squeeze more out of its large physical network and client data, a key priority for interim Chief Executive Noel Quinn.","Využití dat a umělé inteligence k vyzkoušení a zvýšení výnosů je součástí širšího tlaku HSBC na vytlačení více z jeho rozsáhlé fyzické sítě a klientských dat, což je klíčová priorita dočasného generálního ředitele Noela Quinna.","Využití dat a umělé inteligence ke zvýšení výnosů je součástí širšího tlaku na HSBC, aby vytěžila více ze své rozsáhlé fyzické sítě klientů a klientských dat, což je klíčovou prioritou dočasného generálního ředitele banky Noela Quinna."
3,3,2,"""It's one of the first commercial uses of investment in financial crime prevention, and the business we're getting in this way is inherently lower risk and quicker to win,"" said Stuart Nivison, HSBC's global head of client network banking.","„Je to jedno z prvních komerčních investic do prevence finanční kriminality a podnikání, které tímto způsobem získáváme, je ze své podstaty nižší riziko a rychlejší vítězství,“ řekl Stuart Nivison, globální vedoucí klientského bankovnictví společnosti HSBC.","„Je to jedna z prvních komerčních investic do prevence finanční kriminality a podnikání, které tímto způsobem získáváme, představuje ve své podstatě nižší riziko a rychlejší šanci na vítězství,“ řekl Stuart Nivison, vedoucí klientské sítě bankovnictví HSBC."
3,3,3,"HSBC declined to comment on how much it expects to make from the new system but said the broader ""network income"" initiative has already yielded hundreds of millions of dollars in additional revenue.","HSBC se odmítla vyjádřit k tomu, co očekává od nového systému, ale uvedla, že širší iniciativa „síťový příjem“ již přinesla další příjmy stovky milionů dolarů.","HSBC se odmítla vyjádřit k tomu, co očekává od nového systému, ale řekla, že širší využití „síťového příjmu“ již přineslo další příjmy ve výši stovek milionů dolarů."
3,3,4,The drive is an important part of the bank's efforts to defend its global presence at a time when some analysts and investors are saying it should shrink or exit markets like the United States where it makes returns below its cost of capital.,"Pohon je důležitou součástí úsilí banky bránit svou globální přítomnost v době, kdy někteří analytici a investoři říkají, že by měla zmenšovat nebo opouštět trhy, jako jsou Spojené státy, kde dosahuje návratnosti pod náklady na kapitál.","Kampaň je důležitou součástí úsilí banky obhájit své globální postavení v době, ve které někteří analytici a investoři říkají, že by měla zmenšovat nebo opouštět trhy, jako jsou Spojené státy, na kterých dosahuje nižší návratnosti, než jsou náklady na kapitál."
3,3,5,HSBC was forced to invest hundreds of millions of dollars in financial crime compliance as part of a $1.9 billion settlement in 2012 with U.S. authorities over the bank's failure to prevent money laundering by drug cartels though its Mexican unit.,"HSBC byla nucena investovat stovky milionů dolarů do souladu s finanční kriminalitou v rámci urovnání 1,9 miliardy USD v roce 2012 s americkými úřady kvůli tomu, že banka nezabránila praní peněz drogovými kartely prostřednictvím mexické jednotky.","HSBC byla nucena investovat stovky milionů dolarů v souladu s finanční kriminalitou v rámci vyrovnání 1,9 miliard USD v roce 2012 s americkými úřady z důvodu, že banka nezabránila praní peněz drogovými kartely prostřednictvím své mexické pobočky."
3,3,6,"The system works by mapping individual customers"" and companies ties to each other and then looking for unusual patterns of transactions or unearthing previously unknown connections between those entities.","Systém funguje tak, že mapuje jednotlivé zákazníky “a společnosti na sebe navazuje a poté hledá neobvyklé vzorce transakcí nebo odhalení dříve neznámých spojení mezi těmito entitami.","Systém funguje tak, že mapuje jednotlivé zákazníky“ a společnosti, které jsou na sebe napojené, a poté hledá neobvyklé transakční vzorce nebo odhalení původně neznámých napojení mezi těmito entitami."
3,3,7,"That system has already freed up more than 400 staff to go from manually checking transactions and records to client-facing roles where they can spend time helping customers, said Adrian Rigby, chief operating officer of HSBC's trade business.","Tento systém již uvolnil více než 400 zaměstnanců, kteří by mohli přecházet z ručních kontrol transakcí a záznamů do rolí zaměřených na klienta, kde mohou trávit čas pomáháním zákazníkům, uvedl Adrian Rigby, hlavní provozní ředitel obchodu HSBC.","Tento systém umožnil již více než 400 zaměstnanců přechod od manuální kontroly transakcí a záznamů k funkcím zaměřeným na klienty, kde mohou více pomáhat zákazníkům, uvedl Adrian Rigby, hlavní výkonný obchodní ředitel HSBC."
3,3,8,"HSBC's Nivison said the lightbulb moment was realizing the tool could be repurposed to look for ""green flags"" of attractive potential clients rather than ""red flags"" of wrongdoing.","Společnost Nivison společnosti HSBC uvedla, že okamžik žárovky si uvědomuje, že tento nástroj by mohl být přemístěn tak, aby hledal „zelené vlajky“ atraktivních potenciálních klientů, spíše než „červené vlajky“ protiprávního jednání.","Pan Nivison z HSBC řekl, že si banka náhle uvědomila, že tento nástroj by mohl být upraven tak, aby hledal atraktivní potenciální klienty se „zeleným semaforem“ místo těch nezákonných „s výstražnou kontrolkou“.."
4,4,1,"Shortly after the arrest, a search warrant was executed at a home where officers seized a number of items relevant to the investigation.","Krátce po zatčení byl proveden příkaz k prohlídce v domě, kde důstojníci zabavili řadu věcí souvisejících s vyšetřováním.","Krátce po zatčení byl proveden příkaz k prohlídce domu, ve kterém policisté zabavili řadu věcí souvisejících s vyšetřováním."
4,4,2,"The man pleaded guilty to seven charges involving the attack and a further three charges over the grooming and sexual abuse of another girl, aged 11, between August 2016 and April 2017.",Od srpna 2016 do dubna 2017 se muž obvinil ze sedmi obvinění z útoku a dalších tří obvinění z péče a sexuálního zneužívání další dívky ve věku 11 let.,Od srpna 2016 do dubna 2017 se muž přiznal k sedmi obviněním z útoku a dalším třem obviněním ze sexuálního zneužívání jiné dívky ve věku 11 let.
4,4,3,The 12-year-old victim had been walking along a track when she looked back and saw him suddenly emerge from the bushes armed with a large tree branch and a knife.,"Dvanáctiletá oběť šla po stopě, když se ohlédla zpět a viděla ho, jak se náhle vynoří z keřů vyzbrojených velkou větví stromu a nožem.","Dvanáctiletá oběť šla podél kolejí, když se ohlédla a spatřila útočníka, který se náhle vynořil zpoza keřů vyzbrojený silnou větví a nožem."
4,4,4,An example of a camouflage Ghillie suit the man used.,"Příklad maskovacího obleku Ghillie, který muž použil.","Ukázka maskovacího obleku Ghillie, který muž používal."
4,4,5,"When she pleaded ""stop, stop, stop,"" he put her in a headlock and forced her into the scrub.","Když prosila „zastav, zastav, zastav,“ vložil ji do hlavy a přinutil ji do křoví.","Když prosila „přestaň, přestaň, přestaň,“ chytil ji za hlavu a přinutil ji jít s ním do křoví."
4,4,6,"The man told the girl: ""Shhh, don't scream. Don't scream or I'll have to hurt you.""","Muž řekl dívce: „Ššš, nekřič. Ne křič, nebo ti budu muset ublížit.“","Muž dívce řekl: „Ššš, nekřič. Nekřič, nebo ti budu muset ublížit.“"
4,4,7,"Holding the knife in his right hand, he tied her hands and feet with cable ties before lashing her to the tree and abusing her for almost an hour. After he cut her loose, the girl ran crying hysterically to school.","Držel nůž v pravé ruce, svázal si ruce a nohy kabelovými svázkami, než ji připoutal ke stromu a zneužil ji téměř hodinu. Poté, co ji uvolnil, běžela dívka hystericky do školy.","V pravé ruce držel nůž, svázal dívčiny ruce a nohy kabely, pak ji přivázal ke stromu a téměř hodinu ji zneužíval. Poté, co jí uvolnil pouta, běžela dívka s hysterickým pláčem do školy."
4,4,8,The man arrived at work about 9.30am after failing to reply to several text messages and phone calls from colleagues.,"Muž dorazil do práce asi v 9:30 poté, co neodpověděl na několik textových zpráv a telefonátů od kolegů.","Muž dorazil do práce kolem v 9:30 poté, co neodpověděl na několik textových zpráv a telefonátů od svých kolegů."
5,5,1,Stem cells of 56 child cancer patients lost at Children's Hospital after freezer malfunction,Kmenové buňky 56 pacientů s rakovinou u dětí ztracených v dětské nemocnici po poruše mrazáku,Kmenové buňky 56 dětských pacientů s rakovinou se ztratily v dětské nemocnici při poruše mrazáku
5,5,2,A freezer malfunction at Children's Hospital Los Angeles resulted in the loss of 56 children's blood stem cells that were harvested at the beginning of each patient's oncology therapy and stored in the event they could prove useful in the future.,"Porucha mrazáku v dětské nemocnici v Los Angeles vedla ke ztrátě 56 dětských krevních kmenových buněk, které byly odebrány na začátku onkologické terapie každého pacienta a uloženy pro případ, že by se mohly v budoucnu ukázat jako užitečné.","Porucha mrazáku v dětské nemocnici v Los Angeles vedla ke ztrátě 56 krevních kmenových buněk nemocných dětí, které byly odebrány na začátku onkologické terapie každého pacienta a uloženy pro případ, že by mohly být v budoucnu užitečné."
5,5,3,"""We apologize for any distress or confusion that this has caused our patients and their families,"" the hospital wrote in a statement. ""If you have not received a letter or phone call from our team, your child is not impacted.""","„Omlouváme se za jakékoli trápení nebo nejasnosti, které to způsobilo našim pacientům a jejich rodinám,“ píše v prohlášení nemocnice. ""Pokud jste od našeho týmu neobdrželi dopis nebo telefonický hovor, vaše dítě to nijak neovlivní.""","„Omlouváme se za způsobenou bolest či nejasnosti, které to přineslo našim pacientům a jejich rodinám,“ napsala v prohlášení nemocnice. „Pokud jste od našeho týmu neobdrželi dopis nebo telefonický hovor, vašeho dítě se věc nijak netýká.“"
5,5,4,"All but one patient had gone through initial therapy. That patient did require the recollection of stem cells, chief medical officer James Stein said.","Všichni pacienti kromě jednoho prošli počáteční terapií. Uvedený pacient vyžadoval vzpomínku na kmenové buňky, uvedl hlavní lékař James Stein.","Kromě jednoho prošli všichni pacienti počáteční terapií. Dotyčný pacient požadoval nový odběr kmenových buněk, uvedl hlavní lékař James Stein."
5,5,5,A letter sent to families earlier in September informing them of the loss was accidentally addressed to the children - rather than the parents. The hospital has also apologized to parents for the messaging oversight.,Dopis zaslaný rodinám začátkem září informující je o ztrátě byl náhodně adresován dětem - spíše než rodičům. Nemocnice se také rodičům omluvila za dohled nad zasíláním zpráv.,"Dopis zaslaný rodičům na začátku září, který je informoval o ztrátě buněk, byl náhodně adresován dětem namísto rodičům. Nemocnice se rodičům omluvila také za pochybení při rozesílání dopisů."
5,5,6,"The hospital said that the loss of stem cells, which had been placed in long-term storage, has not jeopardized any child's health. The hospital has also offered to assist families who want to harvest again. But the process can be grueling.","Nemocnice uvedla, že ztráta kmenových buněk, které byly umístěny do dlouhodobého skladování, neohrozila zdraví žádného dítěte. Nemocnice také nabídla pomoc rodinám, které se chtějí znovu sklízet. Ale tento proces může být vyčerpávající.","Nemocnice uvedla, že ztráta kmenových buněk, které byly dlouhodobě skladovány, neohrozila zdraví žádného dítěte. Nemocnice také nabídla pomoc rodinám, které se chtějí nechat udělat nový odběr. Ale tento proces může být náročný."
5,5,7,"One of the patients described it as ""painful."" Sean Anderson Corona, 13, underwent stem cell therapy when he was diagnosed with Stage 4 Neuroblastoma - a cancer often found in the adrenal glands. The boy was hooked up to machines for a daylong process that collects the stem cells from the blood. The blood is then reinfused back into the body.","Jeden z pacientů to popsal jako „bolestivý“. Sean Anderson Corona (13 let) podstoupil terapii kmenovými buňkami, když mu byla diagnostikována neuroblastom fáze 4 - rakovina, která se často vyskytuje v nadledvinách. Chlapec byl spojen se stroji po celý den, který shromažďoval kmenové buňky z krve. Krev je pak znovu naplněna zpět do těla.","Jeden z pacientů popsal odběr jako „bolestivý“. Sean Anderson Corona (13 let) podstoupil terapii kmenovými buňkami, když mu byl diagnostikován neuroblastom ve 4. fázi – jedná se o rakovinu, která se často vyskytuje v nadledvinách. Chlapec byl celý den napojený na přístroj, který shromažďoval kmenové buňky z jeho krve. Krev je poté znovu filtrována zpět do těla."
5,5,8,"""I would try to sleep and my body would just start shaking, and then I just started to freak out and I'd start crying,"" Corona told ABC-7.","„Pokusil jsem se spát a moje tělo se jen začalo třást, a pak jsem začal vyděsit a začal jsem plakat,“ řekla Corona ABC-7.","„Zkoušel jsem usnout a moje tělo se jen začalo třást, pak jsem vyděsil a začal jsem plakat,“ řekl Corona televizi ABC-7."
6,6,1,Three Scottish students named among Europe's best,Tři skotští studenti byli zařazeni mezi nejlepší v Evropě,Tři skotští studenti byli zařazeni mezi nejlepší v Evropě
6,6,2,Three University of Dundee students have been named regional winners as top graduates in Europe.,Tři studenti univerzity Dundee byli jmenováni regionálními vítězi jako nejlepší absolventi v Evropě.,Tři studenti z Univerzity Dundee se stali regionálními vítězi jako nejlepší evropští absolventi.
6,6,3,"The University of Dundee students were named as top graduates in their respective fields in Europe in the 2019 Global Undergraduate Awards, whilst five other students from the same university were praised by the judges.","Studenti University of Dundee byli jmenováni jako nejlepší absolventi ve svých oborech v Evropě v roce 2019 Global Undergraduate Awards, zatímco pět dalších studentů ze stejné univerzity byli soudci oceněni.",Studenti Univerzity Dundee byli oceněni jako nejlepší absolventi ve svých oborech v Evropě v roce 2019 a byla jim udělena cena Global Undergraduate Awards a pět dalších studentů ze stejné univerzity porota pochválila.
6,6,4,"Scott Sheldrick, who graduated in Molecular Genetics, won the Europe award for Life Sciences, Chester Cornford studied MSc Mental Health Nursing and was awarded the Nursing, Midwifery & Allied Healthcare prize, whilst Lola Knibb won the Visual Arts award.","Scott Sheldrick, který vystudoval molekulární genetiku, získal Evropskou cenu za Life Sciences, Chester Cornford vystudoval MSc Mental Health Nursing a získal cenu Nursing, Midwifery & Allied Healthcare, zatímco Lola Knibb získala cenu Visual Arts.","Scott Sheldrick, který vystudoval molekulární genetiku, získal cenu za humanitní vědy, Chester Cornford vystudoval obor péče o duševní zdraví s titulem MSc a získal cenu za ošetřovatelství, porodní asistenci a související obory, a nakonec Lola Knibbová získala cenu za vizuální umění."
6,6,5,"Although all three made it through to the global final, they lost out in the final round to strong competition from some of the 3,500 entrants from across the world.","Přestože se všichni tři dostali do globálního finále, ve finále prohráli se silnou konkurencí některých z 3 500 účastníků z celého světa.","Přestože se všichni tři dostali do celosvětového finále, v něm prohráli se silnou konkurencí v podobě dalších 3 500 účastníků z celého světa."
6,6,6,"Professor Blair Grubb, Vice-Principal (Education) at the University, said: ""To get to this stage, our students and graduates faced competition from peers attending some of the world's top universities.","Profesor Blair Grubb, zástupce ředitele pro vzdělávání na univerzitě, uvedl: „Abychom se dostali do této fáze, naši studenti a absolventi čelili konkurenci ze strany vrstevníků, kteří navštěvují některé z nejlepších světových univerzit.","Profesor Blair Grubb, univerzitní zástupce ředitele pro vzdělávání, uvedl: „Abychom se dostali až do této fáze, museli naši studenti a absolventi čelit konkurenci svých vrstevníků, kteří studují na nejlepších světových univerzitách."
6,6,7,"""The Undergraduate Awards are fiercely contested by thousands of students around the world and it is a great reflection of the quality of our students, and the education they receive here, that Dundee is so strongly represented amongst the prize winners.","„Ceny bakalářského studia jsou ostře zpochybňovány tisíci studenty po celém světě a je to velká reflexe kvality našich studentů a vzdělání, které zde získávají, že Dundee je tak silně zastoupen mezi výherci cen.","„O ocenění za vysokoškolská studia velmi usilují tisíce studentů z celého světa a to, že Univerzita Dundee je tak výrazně zastoupena mezi výherci, odráží vysokou kvalitu našich studentů a vzdělání, které zde získávají."
6,6,8,"""I would like to offer my warmest congratulations to Scott, Chester and Lola on this fantastic achievement, alongside the other Dundee representatives who were highly commended.""","""Chtěl bych poděkovat svým nejteplejším gratulacím Scottovi, Chesterovi a Lolovi k tomuto fantastickému úspěchu spolu s dalšími zástupci Dundee, kteří byli velmi oceněni.""","„Chtěl bych poděkovat a srdečně pogratulovat Scottovi, Chesterovi a Lole k tomuto fantastickému úspěchu i dalším reprezentantům Univerzity Dundee, kteří byli tak vysoce oceněni.“"
7,7,1,LNG investments hit record in 2019 & the biggest growth is coming from China,Investice LNG dosáhly rekordních výsledků v roce 2019 a největší růst pochází z Číny,Investice do LNG dosáhly v roce 2019 rekordního výsledku a největší nárůst pochází z Číny
7,7,2,"Investments in liquefied natural gas since the start of the year have hit an all-time high of $50 billion, the International Energy Agency's head, Fatih Birol, told an industry conference.","Investice do zkapalněného zemního plynu od začátku roku dosáhly rekordně vysokých 50 miliard dolarů, uvedl ředitel Mezinárodní energetické agentury Fatih Birol na průmyslové konferenci.","Investice do zkapalněného zemního plynu (LNG) od začátku roku dosáhly rekordních 50 miliard dolarů, uvedl ředitel Mezinárodní energetické agentury Fatih Birol na průmyslové konferenci."
7,7,3,"""This year, 2019 already broke the highest amount of (final investment decisions) for the first time ever, $50 billion,"" Birol told the LNG Producer-Consumer conference in Tokyo, as quoted by Reuters.","„Letos 2019 poprvé zlomil nejvyšší částku (konečná investiční rozhodnutí) poprvé, 50 miliard dolarů,“ řekl Birol na konferenci producentů a spotřebitelů LNG v Tokiu, jak uvedla agentura Reuters.","„Letošní rok (2019) překonal nejvyšší částku (konečných investičních rozhodnutí) vůbec poprvé, 50 miliard dolarů,“ řekl Birol na konferenci Producent-spotřebitel v Tokiu, jak uvedla agentura Reuters."
7,7,4,"Unsurprisingly, the driver of this growth in investments is growing demand for the fuel in Asia, with China still expected to overtake Japan as the world's top importer of LNG.","Není překvapením, že hnací silou tohoto růstu investic je rostoucí poptávka po palivu v Asii, přičemž Čína stále očekává, že předběhne Japonsko jako světový špičkový dovozce LNG.","Není divu, že hnací silou tohoto růstu investic je stoupající poptávka po palivu v Asii, přičemž Čína stále očekává, že předběhne Japonsko jako prvotřídní světový dovozce LNG."
7,7,5,"""The biggest growth is coming from China. In the next five years, about one-third of global LNG demand will come from China alone,"" Birol said. He added that in five years, China will become the largest importer of the fuel.","""Největší růst přichází z Číny. V příštích pěti letech přijde asi jedna třetina celosvětové poptávky po LNG pouze z Číny,"" uvedla Birol. Dodal, že za pět let se Čína stane největším dovozcem paliva.","„Největší nárůst přichází z Číny. V příštích pěti letech bude asi jedna třetina celosvětové poptávky po LNG pocházet pouze z Číny,“ uvedl Birol. Dodal, že během pěti let se Čína stane největším dovozcem paliva."
7,7,6,"As for the growth in investments, there are no surprises there, either. The bulk of these has been made in the United States and Canada.","Pokud jde o růst investic, neexistují ani žádná překvapení. Většina z nich byla vyrobena ve Spojených státech a Kanadě.","Pokud jde o růst investic, ani tato oblast nepřinesla nic neočekávaného. K většině z nich došlo ve Spojených státech a Kanadě."
7,7,7,"In a December 2018 report the Energy Information Administration said it expected the United States"" LNG export capacity to double by the end of this year to 8.9 billion cu ft daily. This will make the US the third-largest exporter of LNG in terms of capacity after Qatar and Australia. By 2030, US LNG exports are estimated to reach 17 billion cu ft daily, from some 3 billion cu ft at the start of 2019.","Ve zprávě z prosince 2018 Správa energetických informací uvedla, že očekává, že se exportní kapacita LNG ve Spojených státech do konce letošního roku zdvojnásobí na 8,9 miliard cu ft denně. Díky tomu bude USA z hlediska kapacity třetím největším vývozcem LNG. po Kataru a Austrálii. Odhaduje se, že do roku 2030 bude vývoz LNG v USA dosahovat 17 miliard cu ft denně, z přibližně 3 miliard cu ft na začátku roku 2019.","Ve zprávě z prosince 2018 Správa energetických informací uvedla, že očekává zdvojnásobení exportní kapacity LNG ve Spojených státech do konce letošního roku na 8,9 miliardy kubických stop denně. Díky tomu budou USA z hlediska kapacity třetím největším vývozcem LNG po Kataru a Austrálii. Odhaduje se, že do roku 2030 bude vývoz LNG v USA dosahovat 17 miliard kubických stop denně, ze současných 3 miliard kubických stop na začátku roku 2019."
7,7,8,"In Canada, there is just one LNG project under development right now - LNG Canada - but it could have a final capacity of 28 million tons of the fuel annually. The US$31-billion project is led by Shell, with minority participants including Petronas, PetroChina, Mitsubishi, and Kogas.","V Kanadě se právě vyvíjí pouze jeden projekt LNG - LNG Kanada - ale může mít konečnou kapacitu 28 milionů tun paliva ročně. Projekt v hodnotě 31 miliard USD je veden společností Shell s účastníky menšin včetně Petronas, PetroChina, Mitsubishi a Kogas.","V Kanadě se momentálně vyvíjí pouze jeden projekt LNG – LNG Kanada – ale konečná kapacita může být až 28 milionů tun paliva ročně. Projekt v hodnotě 31 miliard USD řídí společnost Shell za účasti menších podniků, jako jsou Petronas, PetroChina, Mitsubishi a Kogas."
8,8,1,Military Sees Frustrating Trend As Suicides Spike,Vojenské vidí frustrující trend jako sebevraždy Spike,Frustrující trend prudkého nárůstu počtu sebevražd v armádě
8,8,2,"Military suicides surged this year to a record high among active duty troops, continuing a deadly trend that Pentagon officials say is frustrating and they are struggling to counter.","Vojenské sebevraždy letos vzrostly na rekordní úroveň mezi vojáky v aktivní službě a pokračovaly v smrtícím trendu, který podle úředníků Pentagonu frustrují a snaží se čelit.","Počet sebevražd v armádě mezi vojáky v aktivní službě letos vzrostl na rekordní úroveň a pokračuje ve smrtícím trendu, který je podle úředníků Pentagonu frustrují a jemuž se snaží čelit."
8,8,3,"The Army, Navy and Marine Corps all saw the rate of suicides go up as well as the overall numbers, with only the Air Force showing a decrease, according to data released by the Pentagon Thursday. Suicides among members of the Reserves and the National Guard also grew.","Armáda, námořnictvo a námořní sbor všichni viděli nárůst sebevražd stoupat, stejně jako celkový počet, přičemž pouze letectvo vykazuje pokles, podle údajů zveřejněných čtvrtek Pentagonu. Rovněž vzrostly sebevraždy mezi příslušníky Rezerv a Národní gardy.","Armáda, námořnictvo a pěchota registrují rostoucí počet sebevražd, stejně jako jejich celkový počet, přičemž pouze u letectva došlo k poklesu, jak vyplývá z údajů zveřejněných ve čtvrtek Pentagonem. Rovněž narostl počet sebevraždy mezi příslušníky rezerv a Národní gardy."
8,8,4,The difficulties involved in identifying service members with possible problems and finding ways to prevent suicides were underscored earlier this month when the Navy reported that three crew members who served on the USS George H.W. Bush took their own lives within a week.,"Problémy spojené s identifikací členů služby s možnými problémy a hledání způsobů, jak zabránit sebevraždám, byly zdůrazněny začátkem tohoto měsíce, kdy námořnictvo oznámilo, že tři členové posádky, kteří sloužili na USS George H.W. Bush si vzal svůj vlastní život do týdne.","Problémy spojené s identifikací vojáků v aktivní službě, kteří mohou mít problémy, a hledání způsobů, jak zabránit sebevraždám, byly zdůrazněny na začátku tohoto měsíce, kdy námořnictvo oznámilo, že tři členové posádky, kteří sloužili na lodi USS George H.W. Bush, si vzali život během jednoho týdne."
8,8,5,"Asked about the deaths in the crew of the aircraft carrier, Defense Secretary Mark Esper said, ""I wish I could tell you we have an answer to prevent further, future suicides in the Armed Services. We don't. We are caught up in what some call a national epidemic of suicide among our youth.""","Na otázku o úmrtích v posádce letadlové lodi řekl ministr obrany Mark Esper: „Přál bych si, abych vám mohl odpovědět, abychom zabránili dalším budoucím sebevraždám v ozbrojených službách. co někteří nazývají národní epidemií sebevraždy mezi naší mládeží. “","Na dotaz ohledně úmrtí členů posádky letadlové lodi odpověděl ministr obrany Mark Esper: „Přál bych si, abych vám mohl odpovědět, že můžeme zabránit dalším sebevraždám v ozbrojených složkách. Ale nemůžeme. Nacházíme se v situaci, kterou někteří nazývají národní epidemií sebevražd mezi dnešní mládeží.“"
8,8,6,"The number of suicides across the military increased from 511 in 2017 to 541 in 2018. According to the Pentagon, the most at-risk population is young enlisted men, and at least 60 percent of the time they chose a gun as their suicide method. Army suicides went from 114 to 139, while the Marines went from 43 to 58 and the Navy went from 65 to 68. The Air Force dipped from 63 to 60.","Počet sebevražd napříč armádou vzrostl z 511 v roce 2017 na 541 v roce 2018. Podle Pentagonu je nejvíce ohroženou populací mladí narušení muži a nejméně 60 procent času, kdy si jako sebevraždu vybrali zbraň. Armáda sebevraždy šla od 114 k 139, zatímco Marines šel od 43 k 58 a námořnictvo šlo od 65 k 68. Letectvo se ponořilo od 63 k 60.","Počet sebevražd v armádě vzrostl z 511 v roce 2017 na 541 v roce 2018. Podle Pentagonu jsou nejvíce ohroženou skupinou populace mladí muži s psychickými problémy a nejméně v 60 % případů si jako prostředek k sebevraždě zvolí střelnou zbraň. Počet sebevražd v armádě vzrostl ze 114 na 139, v pěchotě ze 43 na 58 a v námořnictvu z 65 na 68. U letectva se počet snížil z 63 na 60."
8,8,7,"""Our numbers are not moving in the right direction,"" said Elizabeth Van Winkle, director of the Pentagon's office of force resiliency. She said that most of the military rates are comparable to civilians, but added, ""that's hardly comforting.""","„Naše čísla se nepohybují správným směrem,“ řekla Elizabeth Van Winkle, ředitelka úřadu síly Pentagonu. Řekla, že většina vojenských sazeb je srovnatelná s civilisty, ale dodala: „to je stěží uklidňující.“","„Tato čísla se nepohybují správným směrem,“ řekla Elizabeth Van Winkleová, ředitelka sekce Pentagonu pro bojovou pohotovost. Řekla, že počet armádních sebevražd je srovnatelný s počtem civilních sebevražd, ale dodala: „To je sotva uklidňující.“"
8,8,8,"Military and defense leaders expressed dismay and a resolve to do more to increase resilience in the force, train service members how to handle stress better and encourage troops to seek help when they need it. Van Winkle said the military is also looking at increasing efforts to train troops on the safe storage of firearms and medication. She said there are no consistent rules or regulations across the department and the services requiring gun locks or other controls on firearms, but that some states or bases have their own restrictions.","Vojenští a obranní vůdci vyjádřili zděšení a odhodlání udělat více pro zvýšení odolnosti síly, vyškolit členy služby, jak lépe zvládat stres a povzbuzovat vojáky, aby hledali pomoc, když ji potřebují. Van Winkle řekl, že armáda se také dívá na zvyšující se úsilí vycvičit vojáky na bezpečné skladování střelných zbraní a léků. Řekla, že neexistují jednotná pravidla a předpisy napříč ministerstvem a službami vyžadujícími zámky na zbraně nebo jiné kontroly střelných zbraní, ale že některé státy nebo základny mají svá vlastní omezení.","Velitelé armády a obranných sil vyjádřili zděšení a odhodlání zvýšit odolnost příslušníků vojenských jednotek, vyškolit členy služby, jak lépe zvládat stres a povzbuzovat jednotky, aby vyhledaly pomoc, když ji potřebují. Van Winkleová řekla, že armáda také zvyšuje úsilí vycvičit vojáky, aby bezpečně skladovali střelné zbraně a léky. Řekla, že neexistují jednotná pravidla a předpisy napříč ministerstvem a službami, podle kterých by byly povinné zámky ve skladech se zbraněmi nebo jiné kontroly střelných zbraní, ale že některé státy a základny mají svá vlastní omezení."
9,9,1,"Sony, Disney Back To Work On Third Spider-Man Film","Sony, Disney zpátky do práce na třetím filmu Spider-Man","Disney se vrací, bude spolupracovat se Sony na třetím sólovém Spider-Man filmu"
9,9,2,"Looks like there will be a homecoming of sorts for Spider-Man, now that Disney and Sony have settled their differences.","Vypadá to, že se Spider-Man vrátí domů, nyní, když Disney a Sony vyřešily své rozdíly.","Vypadá to, že se Spider-Man vrátí domů, když Disney a Sony vyřešily své rozpory."
9,9,3,The two studios announced on Friday that they will collaborate on a third Spider-Man film starring Tom Holland.,"Tato dvě studia v pátek oznámila, že budou spolupracovat na třetím filmu Spider-Man, v němž bude hrát Tom Holland.","Tato dvě filmová studia v pátek oznámila, že budou spolupracovat na třetím Spider-Man filmu, v němž bude hrát hlavní roli Tom Holland."
9,9,4,"The as yet untitled film will be released on July 16, 2021, and be produced by the Disney-owned Marvel Studios and its president, Kevin Feige, according to a press release sent by both studios.",Dosud nepojmenovaný film bude uveden na trh 16. července 2021 a bude vyroben Disneyem vlastněnými Marvel Studios a jeho prezidentem Kevinem Feigeem podle tiskové zprávy zaslané oběma studii.,"Dosud nepojmenovaný film bude uveden na trh 16. července 2021 a bude vyroben ve studiu Marvel, které Disney vlastní, a jeho prezidentem Kevinem Feigeem, stojí v tiskové zprávě vydané oběma studii."
9,9,5,"Amy Pascal will also produce through Pascal Pictures, as she has on the first two Holland-led films, the release said.","Amy Pascal bude produkovat také prostřednictvím Pascal Pictures, protože má na prvních dvou filmech vedených v Holandsku, uvedla zpráva.","Amy Pascalová bude producentkou filmu prostřednictvím Pascal Pictures, stejně jako u prvních dvou filmů s Hollandem, uvádí zpráva."
9,9,6,"""I am thrilled that Spidey's journey in the MCU will continue, and I and all of us at Marvel Studios are very excited that we get to keep working on it,"" Feige said in the release. ""Spider-Man is a powerful icon and hero whose story crosses all ages and audiences around the globe.""","""Jsem nadšený, že Spideyova cesta v MCU bude pokračovat, a já a všichni z nás v Marvel Studios jsme velmi nadšeni, že na tom budeme pokračovat,"" uvedl Feige ve zprávě. „Spider-Man je mocná ikona a hrdina, jehož příběh překračuje všechny věkové kategorie a publikum po celém světě.“","„Jsem nadšený, že Spideyho cesta do MCU bude pokračovat, a já i všichni ve studiu Marvel jsme velmi vzrušeni, že se na tom budeme podílet,“ uvedl Feige ve zprávě. „Spider-Man je mocná ikona a hrdina, jehož příběh překračuje všechny věkové kategorie a publikum na celém světě.“"
9,9,7,The agreement also allows Spidey to appear in a future Marvel Studios film.,"Tato dohoda také umožňuje, aby se Spidey objevil v budoucím filmu Marvel Studios.","Tato dohoda také umožňuje, aby se Spidey objevil i v budoucím filmu studia Marvel."
9,9,8,Feige acknowledged the collaboration makes the webslinger unique among superheroes.,"Feige uznala spolupráci, díky které je webslinger mezi superhrdiny jedinečný.","Feige potvrdil, že spolupráce dělá pavoučího muže jedinečným mezi superhrdiny."
10,10,1,"The All England Club, which hosts the Wimbledon tournament, handed the fine to Williams after she reportedly caused damage during a practice round on the outside courts on June 30, according to The Associated Press and CNN.","All England Club, který pořádá turnaj ve Wimbledonu, předal pokutu Williamsovi poté, co údajně způsobila škodu během tréninkového kola na vnějších soudech 30. června podle agentů The Associated Press a CNN.","Podle tiskové agentury The Associated Press a CNN, All England Club, který pořádá turnaj ve Wimbledonu, udělil pokutu Williamsové poté, co údajně způsobila škodu během tréninku na venkovních kurtech 30. června."
10,10,2,The 37-year-old tennis star appeared to shrug off the fine while speaking to reporters after winning the quarterfinal round against Alison Riske on Tuesday.,"Zdálo se, že 37letá tenisová hvězda pokrčila pokutu, když hovořila s reportéry poté, co v úterý vyhrála čtvrtfinále proti Alison Riske.","Zdálo se, že 37letá tenisová hvězda pokutu ignorovala, když hovořila s reportéry poté, co v úterý vyhrála čtvrtfinále proti Alison Riskeové."
10,10,3,"""I haven't really thought about it, to be honest,"" she said when asked about the fine. ""I just threw my racquet. I got fined.""","„Opravdu jsem o tom nepřemýšlela, abych byla upřímná,“ řekla, když se zeptala na pokutu. ""Právě jsem hodil raketu. Dostal jsem pokutu.""","„Opravdu jsem o tom nepřemýšlela, abych byla upřímná,“ řekla, když se jí zeptali na pokutu. „Jenom jsem zahodila raketu. A dostala jsem pokutu.“"
10,10,4,Williams said she didn't know how that could've caused damage.,"Williams řekla, že nevěděla, jak by to mohlo způsobit škodu.","Williamsová řekla, že nevěděla, jakou by to mohlo způsobit škodu."
10,10,5,"""I mean, I guess if you could tell me, I would appreciate it,"" she told reporters. ""I mean, I have always been an Avenger in my heart. Maybe I'm super strong. I don't know.""","„Myslím, myslím, že kdybys mi to mohla říct, ocenil bych to,“ řekla novinářům. „Myslím tím, že jsem vždy byl mstitelem v mém srdci. Možná jsem super silný. Nevím.“","„Myslím, že kdyby mi to řekli, ocenila bych to,“ řekla novinářům. „Myslím tím, že jsem vždycky byla Avengerem ve svém srdci. Možná jsem super silná. Nevím.“"
10,10,6,"Williams is after her eighth Wimbledon title, which would be her 24th grand slam victory. She is advancing to the singles semifinals on Thursday against Czech player Barbora Strýcová.","Williams je po svém osmém Wimbledonově titulu, což by bylo její 24. velké vítězství. Ve čtvrtek postupuje do semifinále singlů proti české hráčce Barbora Strýcové.","Williamsová získala osmý titul z Wimbledonu, což by bylo její 24. velké vítězství v grandslamu. Ve čtvrtek postupuje do semifinále ženského single proti české hráčce Barboře Strýcové."
10,10,7,"Williams was also fined a total of $17,000 last year after she defended herself against an umpire at the U.S. Open who accused her of illegally communicating with her coach during a match.","V loňském roce byla Williamsovi uložena pokuta celkem 17 000 $ poté, co se obhájila proti rozhodčímu na US Open, který ji během zápasu obvinil z nezákonné komunikace se svým trenérem.","V loňském roce byla Williamsové uložena pokuta v celkové výši 17 000 dolarů poté, co se obhájila proti rozhodčímu na US Open, který ji obvinil z nezákonné komunikace se svým trenérem během zápasu."
10,10,8,"During that incident, the umpire issued three code violations to Williams: One for receiving illegal coaching, a second for breaking her tennis racket in frustration and a third after she confronted the umpire and called him a ""thief.""","Během té události, rozhodčí vydal Williamsovi tři porušení kódu: Jeden za získání nezákonného koučování, druhý za zlomení její tenisové rakety ve frustrace a třetí poté, co se postavila před rozhodčího a nazvala ho „zlodějem“.","Během tohoto zápasu udělil rozhodčí Williamsové tři napomenutí: jedno za přijetí nezákonného koučování, druhé za zlomení tenisové rakety v afektu a třetí poté, co se slovně střetla s rozhodčím a nazvala ho „zlodějem“."
11,11,1,"Pete Townshend explained what was going on to the audience: ""It sounds like he cannot do any more, I'm afraid...""","Pete Townshend vysvětlil, co se děje publiku: ""Zní to, že už nemůže dělat víc, obávám se ...""","Pete Townshend vysvětlil publiku, co se děje: „Bohužel to vypadá, že už nemůže dělat víc...“"
11,11,2,"The band left the stage, originally suggesting they would try to work out the rest of the set without Roger.","Kapela opustila pódium a původně naznačovala, že by se pokusili vyřešit zbytek setu bez Rogera.","Kapela opustila pódium a původně uvažovala, že by se pokusila dohrát zbytek koncertu bez Rogera."
11,11,3,"When he returned, Townsend said: ""I'm really, really sorry. Roger cannot actually speak now.","Když se vrátil, Townsend řekl: „Je mi to opravdu líto. Roger teď nemůže mluvit.","Když se Townsend vrátil na pódium, řekl: „Je mi to opravdu moc líto. Roger teď nemůže mluvit."
11,11,4,"""Apparently, before the show, he saw a doctor, and you know, he's been singing so f***ing great through this tour. I don't know what the f*** is going on. He has been on top of his game.","„Zjevně, před představením, viděl doktora, a víte, on zpíval tak skvěle skrz toto turné. Nevím, co se to f *** děje. Byl na vrcholu jeho hry.","„Zjevně před představením mluvil se svým doktorem, a vy víte, že na tomhle turné zpíval zatraceně dobře. Nevím, co se to k ***a děje. Byl na vrcholu svého vystoupení."
11,11,5,"""I'm really sorry this has happened to you guys tonight... I don't think there is much point trying to put anything together that makes any sense because this is Roger's show and he's not in good shape.""","""Je mi opravdu líto, že se vám to dnes večer stalo ... Nemyslím si, že by se mělo hodně snažit dát něco dohromady, což dává smysl, protože tohle je Rogerova show a není v dobré kondici.""","„Opravdu mě moc mrzí, co se dneska večer stalo, kamarádi ... Nemyslím, že má smysl pokoušet se dát dohromady něco smysluplného, protože tohle je Rogerova show a ten není v dobré kondici.“"
11,11,6,"The crowd was completely supportive, cheering the 74-year-old as he explained what had happened and how the band hoped to return to honour their commitment to the show.","Dav byl naprosto podporující a povzbuzoval 74-letého muže, když vysvětloval, co se stalo a jak se kapela doufala vrátit, aby splnila svůj závazek vůči show.","Dav vše naprosto chápal a povzbuzoval 74letého muže, když vysvětloval, co se stalo a že kapela doufala, že se vrátí na pódium, aby splnila svůj závazek vůči publiku."
11,11,7,"Townsend said; ""We will publish a date for our return as soon as we can. Let me explain one thing... We only do one day on, one day off. This is because Roger's vocal surgeon insists he has a day off...","Townsend řekl; ""Budeme zveřejňovat datum našeho návratu, jakmile to půjde. Dovolte mi vysvětlit jednu věc ... Děláme jen jeden den, jeden den volna. Je to proto, že Rogerův vokální chirurg trvá na tom, že má volno ...""","Townsend řekl; „Jakmile to půjde, zveřejníme datum našeho návratu. Chci vám vysvětlit jednu věc ... Děláme vždy jen jeden den a jeden den máme volno. Důvodem je, že Rogerův hlasový chirurg trvá na tom, aby dnes nepracoval ...“"
11,11,8,"""I swear to you we will come back and we will honour your tickets. I love you so much and I'm sorry to let you down.""","„Přísahám, že se vrátíme a budeme ctít vaše lístky.","„Slibuji vám, že se vrátíme a splníme to, co očekáváte za své peníze. Mám vás moc rád a je mi líto, že jsme vás tolik zklamali.“"
12,12,1,"Amari Allen, a 12-year-old student at the private K-12 Christian school, said the boys called her dreadlocks ""ugly"" and ""nappy"" before cutting them off on the playground during recess.","Amari Allen, dvanáctiletá studentka soukromé křesťanské školy K-12, uvedla, že chlapci ji nazvali dredy „ošklivými“ a „plenkami“, než je během přestávky odřízli na hřišti.","Amari Allenová, dvanáctiletá studentka soukromé křesťanské školy, uvedla, že chlapci nejprve nazvali její dredy „ošklivými plenkami“, a poté jí je během přestávky ustřihli na školním hřišti."
12,12,2,"""They kept laughing and calling me names,"" Amari told CBS affiliate WUSA-TV, tearing up. ""They called me 'ugly,' said, 'I shouldn't have been born.' They called me 'an attention-seeker.'""","„Pořád se smáli a volali mi jména,“ řekla Amari a přidružila se k WUSA-TV přidružené k CBS. ""Říkali mi ošklivé,"" řekl, ""neměl jsem se narodit."" Říkali mi 'hledač pozornosti.' “","„Pořád se mi smáli a nadávali mi,“ řekla Amari komerční televizní stanici WUSA, divizi korporace CBS. „Říkali mi, že jsem ošklivá,“ uvedla, „neměla jsem se narodit. Říkali, že chci být ‚středem pozornosti‘.“"
12,12,3,"According to WUSA, one of the boys allegedly covered Amari's mouth while another held her hands behind her back and a third took a pair of scissors to her dreadlocks.","Podle WUSA jeden z chlapců údajně zakryl Amari ústa, zatímco druhý držel její ruce za zády a třetí vzala do svých dredů nůžky.","Podle WUSA měl jeden z chlapců ucpat Amari rukou ústa, zatímco druhý jí přidržel ruce za zády a třetí držel nůžky, kterými jí dredy ostříhal."
12,12,4,Amari didn't tell her family about the incident until after her grandmother noticed the length of her hair had changed.,"Amari o incidentu neřekla své rodině, dokud si její babička nevšimla délky jejích vlasů.","Amari neřekla o incidentu svojí rodině, dokud si její babička nevšimla, že má jiné vlasy."
12,12,5,"""They ran off laughing, and I was just sitting there,"" Amari said.","„Utíkali se smát a já jsem tam jen seděl,“ řekla Amari.","„Utekli se smíchem pryč a já jsem tam jen seděla,“ řekla Amari."
12,12,6,"The alleged incident occurred on Monday, but the shy preteen said she didn't tell her family about it until Wednesday, after her grandmother noticed her hair looked different. She feared retaliation if she confessed the truth, she said.","K údajnému incidentu došlo v pondělí, ale plachý nedospělý řekl, že o tom své rodině neřekla až ve středu poté, co si její babička všimla, že její vlasy vypadají jinak. Když se přiznala pravdě, obávala se odvetných opatření, řekla.","K údajnému incidentu došlo v pondělí, ale plaché děvče o něm své rodině nic neřeklo až do středy, kdy si její babička všimla, že její vlasy vypadají jinak. Řekla, že se bála odvety, pokud by šla s pravdou ven."
12,12,7,"""It's very painful,"" said Cynthia Allen, Amari's grandmother. ""I want to see them dismissed from the school. I want to see something done.""","„Je to velmi bolestivé,“ řekla Cynthia Allenová, Amariina babička. „Chci, aby byli propuštěni ze školy. Chci vidět něco hotového.“","„Je to velmi bolestivé,“ řekla Cynthia Allenová, Amariina babička. „Chci, aby je vyloučili ze školy. Chci vidět, že s tím někdo něco udělá.“"
12,12,8,"Allen's family pays nearly $12,000 per year for Amari to attend the school, which made headlines earlier this year after Karen Pence took an art teaching job at the famously anti-LGBTQ institution.","Allenova rodina zaplatí za Amari ročně téměř 12 000 dolarů ročně, což znamenalo titulky začátkem tohoto roku poté, co Karen Pence nastoupila na uměleckou výuku na slavnou anti-LGBTQ instituci.","Allenova rodina platí školné za Amari téměř 12 000 dolarů ročně, čemuž věnoval tisk zvýšenou pozornost na začátku letošního roku poté, co Karen Penceová začala působit v proslulé instituci anti-LGBTQ."
13,13,1,Jonathan Van Ness Just Hung Out With Nancy Pelosi And They've Got A Plan,Jonathan Van Ness právě vyrazil s Nancy Pelosi a dostali plán,"Jonathan Van Ness se setkal s Nancy Pelosiovou, mají plán"
13,13,2,"""Queer Eye"" star Jonathan Van Ness strutted his stuff on Capitol Hill on Thursday, joining forces with House Speaker Nancy Pelosi (D-Calif.) to discuss the Equality Act.","Hvězda „Queer Eye“ Jonathan Van Ness ve čtvrtek natáhla své věci na Capitol Hill a spojila své síly s House Speaker Nancy Pelosi (D-Calif.), Aby diskutovala o zákonu o rovnosti.","Hvězda televizního programu „Queer Eye“ Jonathan Van Ness ve čtvrtek přišel se svými věcmi na Capitol Hill a sešel se s předsedkyní Sněmovny reprezentantů Nancy Pelosiovou (dep.Kalif.), aby společně projednali zákon o rovnosti."
13,13,3,"The Equality Act would extend nondiscrimination protections to LGBTQ individuals in credit, education, employment, housing, federal financial assistance, jury service and public accommodations.","Zákon o rovnosti by rozšířil nediskriminační ochranu na osoby LGBTQ v oblasti úvěrů, vzdělávání, zaměstnání, bydlení, federální finanční pomoci, poroty a veřejného ubytování.","Zákon o rovnosti by rozšířil ochranu proti diskriminaci pro osoby s menšinovým sexuálním zaměřením v oblasti úvěrů, vzdělávání, zaměstnání, bydlení, federální finanční pomoci, soudnictví a veřejného ubytování."
13,13,4,The bill would amend the Civil Rights Act of 1964 to include sexual orientation and gender identity to the list of already protected classes.,"Návrh zákona by změnil zákon o občanských právech z roku 1964 tak, aby zahrnoval sexuální orientaci a genderovou identitu do seznamu již chráněných tříd.","Návrh zákona by pozměnil původní zákon o občanských právech z roku 1964 v tom smyslu, že by zahrnoval také sexuální orientaci a genderovou identitu do seznamu již chráněných kategorií."
13,13,5,"Van Ness, who recently publicly came out as HIV positive, first shared a video of himself cat-walking in the Capitol, explaining in his caption that he'd met with the House speaker to talk Equality Act, living with HIV and access to PrEP (an HIV preventative medication):","Van Ness, který nedávno veřejně vyšel jako HIV pozitivní, se nejprve podělil o video své kočky, která chodila v Capitolu, a ve svém titulku vysvětlil, že se setkal s mluvčím domu, aby mluvil o zákoně o rovnosti, žil s HIV a přístup k PrEP. (preventivní léky proti HIV):","Van Ness, který nedávno veřejně přiznal, že je HIV pozitivní, se nejprve podělil o video své kočky, jak chodí po Capitolu, kde v titulku vysvětlil, že se setkal s mluvčí Bílého domu, aby prodiskutovali zákon o rovnosti, život s HIV a přístup k PrEP (léky na prevenci proti HIV):"
13,13,6,"He then shared a longer post picturing the two of them arm in arm, urging his followers to stand up to Senate Majority Leader Mitch McConnell (R-Ky.) and apply pressure to GOP senators to bring the Equality Act up for a Senate vote:","Poté sdílel delší post zobrazující obě z nich ruku v ruce a naléhavě vyzval své stoupence, aby se postavili před vůdce většiny Senátu Mitch McConnell (R-Ky.) A aby vyvíjeli tlak na senátory GOP, aby zákon o rovnoprávnosti postavili do senátního hlasování:","Poté sdílel delší příspěvek zobrazující oba, jak se drží za ruce, a naléhal na své stoupencey, aby se postavili před lídra většiny v senátu Mitche McConnella (Rep.-Ky.) a vyvinuli nátlak na senátory GOP, aby zákon o rovnosti prošel hlasováním v Senátu:"
13,13,7,Pelosi introduced the Equality Act on March 13. The House passed the legislation in May. It has not yet been brought to the Senate floor.,Pelosi zavedl zákon o rovnosti 13. března. Parlament přijal právní předpisy v květnu. Dosud nebyl přinesen do Senátu.,Pelosiová přednesla návrh zákona o rovnosti 13. března. Parlament zákon v květnu schválil. Dosud neprošel hlasováním v Senátu.
13,13,8,"In August, the Trump administration asked the Supreme Court to essentially legalize anti-gay discrimination in the workplace, arguing in an amicus brief that the federal laws on employer discrimination in the Civil Rights Act of 1964 were not intended to protect individuals from being fired based on their sexual orientation.","V srpnu požádala Trumpova správa Nejvyšší soud, aby v zásadě legalizoval anti-homosexuální diskriminaci na pracovišti, a ve zkratce amicus tvrdil, že federální zákony o diskriminaci zaměstnavatelů v zákoně o občanských právech z roku 1964 neměly za cíl chránit jednotlivce před propuštěním na jejich sexuální orientaci.","V srpnu požádala Trumpova administrativa Nejvyšší soud, aby de facto legalizoval diskriminaci gayů na pracovišti, přičemž formou amicus brief tvrdila, že federální zákony o diskriminaci zaměstnavatelů v zákoně o občanských právech z roku 1964 neměly za cíl chránit jednotlivce před propuštěním kvůli jejich sexuální orientaci."
14,14,1,"In the year since she organized school walkouts in her native Sweden to protest climate change, Greta Thunberg's environmental crusade has been unavoidable, culminating on Monday in an angry and passionate speech before the UN's Climate Action Summit, in which she lambasted politicians for stealing her ""dreams"" and her ""childhood"" with ""empty words"" while humanity stares down ""a mass extinction.""","V roce, kdy ve svém rodném Švédsku uspořádala školní protesty, aby protestovaly proti změně klimatu, bylo environmentální křížové výpravě Grety Thunbergové nevyhnutelné a vyvrcholilo v pondělí rozzlobeným a vášnivým projevem před summitem OSN o změně klimatu, ve kterém obviňovala politiky, aby ji ukradli. “ sny ""a její"" dětství ""s"" prázdnými slovy "", zatímco lidstvo zírá dolů"" hromadné vyhynutí "".","V roce, ve kterém uspořádala školní protesty proti změnám klimatu ve svém rodném Švédsku, byla environmentální křížová výprava Grety Thunbergové nevyhnutelná a vyvrcholila v pondělí rozzlobeným a vášnivým projevem před shromážděním OSN, ve kterém obvinila politiky, že jí ukradli „sny“ a její „dětství“ svými „prázdnými slovy“, zatímco lidstvo sleduje „hromadné vymírání“."
14,14,2,"Thunberg's grim pronouncements have earned her savage criticism, and glowing praise. New York Magazine called her ""the Joan of Arc of climate change,"" while The Guardian ranked her speech alongside President Lincoln's Gettysburg Address for its historical significance.","Thunbergovy pochmurná prohlášení vynesly její divokou kritiku a zářící chválu. New York Magazine ji nazval „Joanem z Arku v souvislosti se změnou klimatu“, zatímco The Guardian zařadila její řeč vedle Gettysburgovy adresy prezidenta Lincolna pro svůj historický význam.","Pochmurné výroky vynesly Thunbergové ostrou kritiku i nadšenou chválu. New York Magazine ji nazval „Johankou z Arku klimatických změn“, zatímco The Guardian zařadil její projev vedle projevu prezidenta Lincolna v Gettysburgu mezi historicky významné mezníky."
14,14,3,"Then again, they said the same about Severn Cullis-Suzuki in 1992. Long before Thunberg deadpanned to parliamentarians that ""we probably don't even have a future any more,"" and netizens tore each other to shreds attacking and defending her, 12-year-old Cullis-Suzuki became known as the ""The girl who silenced the world for five minutes"" when she delivered a similar sermon before the UN Earth Summit in Rio de Janeiro.","Pak znovu řekli to samé o Severn Cullis-Suzuki v roce 1992. Dlouho předtím, než Thunberg zemřel poslancům, že „už pravděpodobně nebudeme mít budoucnost,“ a Netizens se navzájem roztrhali, aby na ni zaútočili a bránili ji, 12- letošní Cullis-Suzuki se stala známou jako „Dívka, která umlčovala svět pět minut“, když před summitem Země OSN v Rio de Janeiru vydala podobné kázání.","To samé ale již bylo vyřčeno o Severn Cullis-Suzukiové v roce 1992. Dlouho předtím, než Thunbergová říkala s kamennou tváří poslancům, že „nás pravděpodobně nečeká žádná budoucnost,“ a uživatelé Internetu se navzájem málem roztrhali, jak na ni útočili nebo ji naopak bránili, 12letá Cullis-Suzukiová se stala známou jako „Dívka, která na pět minut umlčela svět“, když na summitu OSN v Rio de Janeiru přednesla podobný projev."
14,14,4,"The tone of Cullis-Suzuki's speech is strikingly similar to Thunberg's. ""We've come...to tell you adults that you must change your ways,"" she opened, just like Thunberg told the assembled adults ""we will not let you get away with this.""","Tón projevu Cullis-Suzuki je nápadně podobný Thunbergově řeči. „Přišli jsme, abychom vám řekli dospělým, že musíte změnit své způsoby,“ otevřela se, stejně jako Thunberg řekla shromážděným dospělým, „s tím vám to nedovolíme.“","Tón projevu Cullis-Suzukiové je nápadně podobný Thunbergové. „Přišli jsme, abychom řekli vám dospělým, že musíte změnit své jednání,“ hovořila, stejně jako Thunbergová řekla na shromáždění, „nenecháme vás utéct bez následků.“"
14,14,5,"Just as Thunberg told the UN summit ""we are in the beginning of a mass extinction and all you can talk about is the money and fairytales of eternal economic growth,"" Cullis-Suzuki told leaders that ""losing my future is not like losing an election or a few points on the stock market.""","Stejně jako Thunberg na summitu OSN řekl: „Jsme na začátku hromadného vymírání a vše, o čem můžete mluvit, jsou peníze a pohádky věčného ekonomického růstu,“ řekl Cullis-Suzuki vůdcům, že „ztráta mé budoucnosti není jako ztráta voleb. nebo pár bodů na akciovém trhu. “","Podobně jako Thunbergová řekla na summitu OSN, že „jsme na začátku hromadného vymírání a vše, o čem dovedeme mluvit, jsou jen peníze a plané sliby věčného ekonomického růstu,“ řekla Cullis-Suzukiová světovým vůdcům, že „ztráta mé budoucnosti není jako ztráta voleb nebo pár akcií na trhu.“"
14,14,6,"And underpinning both girls"" messages was a nihilistic fatalism. ""I am afraid to go out in the sun now because of the hole in our ozone. I am afraid to breathe the air because I don't know what chemicals are in it,"" Cullis-Suzuki said in 1992. Striking schoolchildren in 2019 carry banners reading ""You'll die of old age, I'll die of climate change.""","A oporou obou dívek „zprávy byly nihilistickým fatalismem.“ Obávám se, že teď vycházím na slunce kvůli díře v našem ozonu. Bojím se dýchat vzduch, protože nevím, jaké chemikálie v něm jsou, “řekl Cullis-Suzuki v roce 1992. Úžasné školáky v roce 2019 nesou transparenty s nápisem„ Zemřete na stáří, zemřu na změnu klimatu . “","A poselství obou dívek se opíralo o „nihilistický fatalismus.“ Bojím se, že vycházím přímo do slunce kvůli díře v ozonové vrstvě. Bojím se dýchat vzduch, protože nevím, jaké chemikálie v něm jsou,“ řekla Cullis-Suzukiová v roce 1992. Protestující školáci v roce 2019 nesou transparenty s nápisem „Vy zemřete stářím, já kvůli změnám klimatu.“"
14,14,7,"The environmental problems addressed by Cullis-Suzuki reflect the world of the early 1990s, when deforestation, the depletion of the ozone layer, and the extinction of species were the ecological concerns de jour. Yet humanity has been fairly successful at resolving those problems in the intervening years. Thanks to a landmark chemicals ban, ozone depletion has slowed dramatically, and forest cover worldwide has increased by an area the size of Texas and Alaska combined.","Environmentální problémy, které řeší Cullis-Suzuki, odrážejí svět na počátku 90. let 20. století, kdy odlesňování, vyčerpání ozonové vrstvy a vymírání druhů byly ekologickými zájmy de jour. Přesto bylo lidstvo v těchto letech v těchto letech docela úspěšné. Díky zásadnímu zákazu chemických látek se vyčerpání ozónu dramaticky zpomalilo a lesní pokryv na celém světě vzrostl o oblast spojenou s velikostí Texasu a Aljašky.","Ekologické problémy, které Cullis-Suzukiová řešila, odráželi svět na začátku 90. let, kdy odlesňování, narušování ozonové vrstvy a vymírání druhů představovaly největší ekologické hrozby. Přesto lidstvo od té doby některé problémy poměrně úspěšně vyřešilo. Díky zásadním zákazům chemických látek se narušování ozonové vrstvy výrazně zpomalilo a lesní porost na celém světě se rozrostl o oblast ve velikosti Texasu a Aljašky."
14,14,8,Cullis-Suzuki herself went on to found an environmental think tank and work for UN Secretary General Kofi Annan's Special Advisory Panel in the early 2000s.,Sám Cullis-Suzuki pokračovala na počátku 20. let založení ekologického think tanku a práce pro zvláštní poradní panel generálního tajemníka OSN Kofi Annanové.,Sama Cullis-Suzukiová ve svém úsilí pokračovala na začátku 20. století založením ekologické instituce a prací pro zvláštní poradní sbor generálního tajemníka OSN Kofi Annana.
15,15,1,Pompeo accuses Syria of using chemical weapons in May attack,Pompeo obviňuje Sýrii z používání chemických zbraní v květnovém útoku,Pompeo obvinil Sýrii z použití chemických zbraní při květnovém útoku
15,15,2,"Secretary of State Mike Pompeo, speaking on the sidelines of the U.N. General Assembly on Thursday, said the United States has concluded the Syrian government used chemical weapons in an attack earlier this year.","Ministr zahraničí Mike Pompeo ve čtvrtek na postu Valného shromáždění USA uvedl, že Spojené státy dospěly k závěru, že syrská vláda použila při útoku na začátku tohoto roku chemické zbraně.","Ministr zahraničí Mike Pompeo ve čtvrtek na Valném shromáždění OSN prohlásil, že Spojené státy dospěly k závěru, že syrská vláda použila chemické zbraně při útoku na začátku tohoto roku."
15,15,3,Pompeo said U.S. officials had determined Syrian President Bashar Assad's government had used chlorine in the attack on opposition forces in Idlib province on May 19.,"Pompeo uvedl, že američtí představitelé určili, že vláda Sýrského prezidenta Bašara Assada použila chlor k útoku na opoziční síly v provincii Idlib 19. května.","Pompeo řekl, že američtí představitelé jsou přesvědčeni, že vláda syrského prezidenta Bašára al-Asada použila chlór při útoku na opoziční síly v provincii Idlib 19. května."
15,15,4,"""The Assad regime is responsible for innumerable atrocities some of which rise to the level of war crimes and crimes against humanity,"" Pompeo told a news conference.","""Assadův režim je zodpovědný za nespočet nesčetných krutostí, z nichž některé se dostávají na úroveň válečných zločinů a zločinů proti lidskosti,"" řekl Pompeo na tiskové konferenci.","„Asadův režim je zodpovědný za nespočetné ukrutnosti, z nichž některé jsou na úrovni válečných zločinů a zločinů proti lidskosti,“ řekl Pompeo na tiskové konferenci."
15,15,5,U.S. officials in May said they'd received reports consistent with a chemical attack in northwest Syria but did not offer a definitive conclusion at the time.,"Američtí představitelé v květnu uvedli, že dostávali zprávy shodné s chemickým útokem v severozápadní Sýrii, ale v té době nenabídli definitivní závěr.","Američtí představitelé v květnu uvedli, že se k nim dostávaly zprávy naznačující chemické útoky v severozápadní Sýrii, ale v té době nevyvodili jednoznačný závěr."
15,15,6,"In April 2018, the U.S., Britain and France launched airstrikes in Syria in retaliation for what they described as a suspected chemical attack that killed more than 40 people earlier that month.","V dubnu 2018 zahájily USA, Británie a Francie letecké útoky v Sýrii jako odvetu za podezření z chemického útoku, který zabil více než 40 lidí dříve v měsíci.","V dubnu 2018 zahájily USA, Británie a Francie letecké útoky na Sýrii jako odvetu kvůli podezření z chemického útoku, při kterém o měsíc dříve zemřelo více než 40 lidí."
15,15,7,"""This is different in some sense because it was chlorine... but know that President Trump has been pretty vigorous in protecting the world from the use of chemical weapons,"" Pompeo said.","""V nějakém smyslu je to jiné, protože to byl chlor ... ale vím, že prezident Trump byl velmi energický v ochraně světa před použitím chemických zbraní,"" řekl Pompeo.","„V jistém smyslu je to jiné, protože se jednalo o chlór ... ale vím, že prezident Trump jedná velmi energicky v otázce ochrany světa před používáním chemických zbraní,“ řekl Pompeo."
15,15,8,He added that the U.S. would provide an additional $4.5 million to the Organization for the Prohibition of Chemical Weapons to fund investigations into other instances of suspected Syrian chemical-weapons use.,"Dodal, že USA poskytnou Organizaci pro zákaz chemických zbraní dalších 4,5 milionu dolarů na financování vyšetřování dalších případů podezření na použití syrských chemických zbraní.","Dodal, že USA poskytnou Organizaci pro zákaz chemických zbraní dalších 4,5 milionu dolarů na financování vyšetřování dalších případů podezření z použití chemických zbraní v Sýrii."
16,16,1,Brexit can get plenty more toxic from here,Brexit odtud může být mnohem toxičtější,Nejistota kolem Brexitu může být ještě více toxická
16,16,2,"Humiliation in the courts at home is a taste of what awaits Johnson in Brussels if he tries to weasel out of his commitments to request an extension. That will comfort European officials, who would most probably agree to it. Mainly because taking more time to find a solution reduces the threat of a no-deal Brexit, which would be economically harmful to both sides.","Ponižování u soudů doma je chutí toho, co čeká Johnsona v Bruselu, pokud se snaží splnit své závazky a požádat o prodloužení. Potěší to evropské úředníky, kteří by s tím pravděpodobně souhlasili. Hlavně proto, že najít více času na nalezení řešení, snižuje hrozbu nedostupného Brexitu, což by bylo pro obě strany ekonomicky škodlivé.","Ponížení před britskými soudy je pouze malou ochutnávkou toho, co čeká Johnsona v Bruselu, jestliže nedostojí svým závazkům a nepožádá o odklad Brexitu. To by potěšilo evropské unijní úředníky, kteří by se žádostí pravděpodobně souhlasili. Zejména proto, že více času potřebného k nalezení řešení by snížilo riziko Brexitu bez dohody, který by byl pro obě strany ekonomicky nevýhodný."
16,16,3,"Yet European diplomats can also see that the political bedlam in the UK lends itself to delay without decisions. Lawmakers in Parliament were able to set aside their differences to tie Johnson's hands and seek an extension, but that's about all they can agree on. This is the same Parliament that rejected the former prime minister Theresa May's hard-fought Brexit deal with the EU three times. Unless there's an election - another decision on which MPs have a final say - that won't change.","Evropští diplomaté však mohou také vidět, že politický bedlam ve Velké Británii se může bez rozhodnutí zdržet. Zákonodárci v parlamentu dokázali své rozdíly zrušit, aby si Johnsonovi svázali ruce a hledali prodloužení, ale to je všechno, na čem se mohou dohodnout. Je to stejný Parlament, který třikrát odmítl tvrdě bojovanou dohodu Brexitu s bývalou premiérkou Terezou Mayovou s EU. Pokud nejsou volby - další rozhodnutí, o kterém mají poslanci poslední slovo - to se nezmění.","Evropští diplomaté také dobře vědí, že pokud nebude v brzké době učiněno rozhodnutí, politický chaos ve Velké Británii by mohl odchod ještě více oddálit. Zákonodárci v parlamentu dokázali překlenout vzájemné rozdíly, aby Johnsonovi svázali ruce a hledali možnosti pro odložení Brexitu, ale to je vše, na čem jsou schopni se dohodnout. Je to pořád ten stejný parlament, který třikrát odmítl dohodu o Brexitu s EU v tvrdém souboji s bývalou premiérkou Theresou Mayovou. Pokud neproběhnou volby – další usnesení, při kterém mají poslanci rozhodující slovo – tak nedojde ke změně."
16,16,4,"But even an election is a grim prospect for European capitals hoping for a friendly resolution to the Brexit mess. The opposition Labour Party's Brexit policy is a painful contortion act that's almost impossible to understand; the centrist Liberal Democrats' idea to cancel Brexit altogether is seen as extreme. The longer this drags on, the more it eats away at the smooth functioning of the EU.","Ale i volby jsou pro evropské metropole hroznou vyhlídkou v naději na přátelské řešení Brexitovy nepořádku. Politika Brexit opoziční Labouristické strany je bolestivý akt zkroucení, kterému je téměř nemožné porozumět; myšlenka centristických liberálních demokratů na zrušení Brexitu je považována za extrémní. Čím déle se to táhne, tím více se zbavuje plynulého fungování EU.","Ale i volby jsou chmurnou vyhlídkou pro evropské metropole, které doufají v pokojné vyřešení zmatků kolem Brexitu. Brexitová politika opoziční Labouristické strany je bolestivým aktem zkroucení, který je téměř nemožné pochopit. Myšlenka centristických liberálních demokratů na zrušení Brexitu je považována za extrémní. Čím déle se celá věc protahuje, tím více je narušováno hladké fungování Evropské unie."
16,16,5,There might be more optimism in Brussels if the outline of a workable deal was already sitting on a desk somewhere in the European Commission's Berlaymont headquarters. But there isn't.,"V Bruselu by mohlo být více optimismu, pokud by náčrt proveditelné dohody již seděl na stole někde v sídle Evropské komise v Berlaymont. Ale není.","V Bruselu by panoval větší optimismus, kdyby návrh uskutečnitelné dohody již ležel někde na stole v sídle Evropské komise v Berlaymontu. Ale nic takového zatím není."
16,16,6,"Johnson's regular bashing of his predecessor's ""backstop"" proposal to avoid a return to a hard border in Ireland and protect the EU single market hasn't led to any convincing alternatives. Officials say the proposals sent in by the UK on alternative arrangements aren't concrete enough to be considered operational in time for an October 31 exit.","Johnsonův pravidelný šlápnutí návrhu „zpětného chodu“ jeho předchůdce, který má zabránit návratu na tvrdou hranici v Irsku a chránit jednotný trh EU, nevedl k přesvědčivým alternativám. Úředníci tvrdí, že návrhy zaslané Spojeným královstvím o alternativních opatřeních nejsou dostatečně konkrétní, aby mohly být považovány za funkční včas k 31. říjnu.","Johnsonovo opakované napadání návrhu „zpětného chodu“ svého předchůdce, který má zabránit návratu na pevné hranice v Irsku a ochránit jednotný trh EU, nevedl k žádné přesvědčivé alternativě. Úředníci tvrdí, že návrhy Spojeného království o alternativních opatřeních nejsou dostatečně konkrétní, aby mohly být považovány za funkční do 31. října, kdy má dojít k definitivnímu odchodu Velké Británie z Evropské unie."
16,16,7,"And Johnson's weakness will give the 27 leaders facing him even less incentive to erase crucial red lines, despite the claim by Michael Gove, the UK minister in charge of a no-deal Brexit, that they're ""shifting"" on the backstop.","A Johnsonova slabost dá 27 vůdců, kteří mu čelí, ještě menší motivaci vymazat zásadní červené čáry, navzdory tvrzení Michaela Goveho, britského ministra odpovědného za neobchodní Brexit, že se „pohybují“ na dorazu.","A Johnsonova slabost dává 27 lídrům, kteří mu čelí, ještě menší motivaci smazat pomyslnou červenou linii, navzdory tvrzení Michaela Goveho, britského ministra odpovědného za koncept Brexitu bez dohody, že se „pohybují“ na doraz."
16,16,8,"In an ideal world, a series of blows landing on Johnson - who is also under fire over his rhetoric in the debate over Brexit - would bring the match closer to an end. Europe should still try to extract maximum concessions from the UK, given it has no choice but to negotiate with the current government while trying to preserve unity among the rest of its 27 member states - which is going to get harder the longer this drags on. If there's a window to try yet again to put a deal before the UK parliament, the EU should grab it.","V ideálním světě by řada úderů přistávajících na Johnsonovi, který je také v debatě o Brexitu pod palbou nad jeho rétorikou, přinesl zápas blíže ke konci. Evropa by se měla i nadále snažit získat maximální ústupky ze Spojeného království, protože nemá na výběr, ale vyjednat se současnou vládou a zároveň se snažit zachovat jednotu mezi zbytkem svých 27 členských států - což bude čím dál tím těžší, tím těžší bude. Pokud existuje okno, které by se mohlo pokusit znovu podat dohodu před parlamentem Spojeného království, měla by ji EU chytit.","V ideálním světě by série úderů namířených proti Johnsonovi, který je pod palbou také kvůli své rétorice v debatě o Brexitu, dovedla politické zápolení blíže ke konci. Evropa by se měla i nadále snažit získat maximální ústupky ze strany Spojeného království, protože nemá na výběr, vyjednávat se současnou vládou a zároveň se snažit zachovat jednotu mezi zbylými 27 členskými státy – a čím déle se věc bude protahovat, tím těžší to bude. Pokud existuje vodítko, které by umožnilo znovu předložit dohodu před britský parlament, měla by se ho EU chytit."
17,17,1,"""China has always been dedicated to resolving territorial and maritime delimitation disputes through negotiation and consultation,"" stated an official white paper released, four days ahead of the country set to celebrate its 70th anniversary of the leadership of the ruling Communist Party of China (CPC) on October 1.","„Čína byla vždy odhodlána řešit spory o územní a námořní vymezení prostřednictvím vyjednávání a konzultací,“ uvedla oficiální bílá kniha, která byla zveřejněna čtyři dny před zemí, která měla oslavit 70. výročí vedení vládnoucí Komunistické strany Číny (CPC) ) 1. října.","„Čína se vždy snažila řešit spory o územní i námořní nároky prostřednictvím vyjednávání a konzultací,“ uvedlo oficiální prohlášení, které bylo zveřejněno čtyři dny před oslavou 70. výročí vlády Komunistické strany Číny (CPC) v zemi, které připadá na 1. října."
17,17,2,"""China safeguards world peace through real actions. Over the past 70 years, China has not provoked a single war or conflict, nor invaded a single square of foreign land,"" the paper titled ""China and the World in the New Era"" said.","""Čína chrání světový mír skutečnými činy. Za posledních 70 let Čína nevyvolala jedinou válku nebo konflikt ani nenapadla jediný čtverec cizí země,"" uvedl dokument s názvem ""Čína a svět v nové éře"".","„Čína chrání světový mír reálnými činy. Za posledních 70 let Čína nevyvolala jedinou válku nebo konflikt ani nenapadla jediný kousek cizí země,“ stojí v prohlášení s názvem „Čína a svět v nové době“."
17,17,3,"The white paper, while highlighting the CPS's ""peaceful rise"" made no reference of the bloody 1962 war with India and the vast tracts of land, especially in the Aksai Chin area, occupied by China.","Dokument white paper, zatímco zdůrazňuje CPS je “mírový vzestup” dělal žádný odkaz na krvavou válku 1962 s Indií a obrovské plochy země, obzvláště v Aksai bradě obsazené Čínou.","Prohlášení, které zdůrazňuje „mírový vzestup“ CPS, se nijak nezmiňuje o krvavé válce z roku 1962 s Indií a o rozsáhlých oblastech, zejména v Aksai Čin, které Čína okupovala."
17,17,4,"The Sino-India border dispute involving 3,488-km-long Line of Actual Control (LAC) remained unresolved. China also claims Arunachal Pradesh as part of South Tibet, which India contests.","Hraniční spor mezi Čínou a Indií zahrnující 3 488 km dlouhou linii skutečné kontroly (LAC) zůstal nevyřešen. Čína také tvrdí, že Arunachal Pradesh je součástí jižního Tibetu, který Indie zpochybňuje.","Hraniční spor mezi Čínou a Indií týkající se 3 488 km dlouhé Linie aktuální kontroly (LAC) zůstal nevyřešený. Čína také tvrdí, že Arunáčalpradéš je součástí jižního Tibetu, což Indie zpochybňuje."
17,17,5,"So far, the two countries held 21 rounds of Special Representatives talks to resolve the border dispute.",Dosud obě země uspořádaly 21 kol jednání zvláštních zástupců s cílem vyřešit spor o hranice.,"Dosud obě země uspořádaly 21 kol jednání zvláštních zástupců, kteří se pokoušeli hraniční spor vyřešit."
17,17,6,"Besides the 1962 war, India and China had a major military standoff at Doklam in 2017 when the People's Liberation Army (PLA) tried to lay a road close to India""s narrow Chicken Neck corridor connecting with the North-Eastern states in an area also claimed by Bhutan.","Kromě války v roce 1962 měly Indie a Čína v Doklamu v roce 2017 velký vojenský odstup, když se lidová osvobozenecká armáda (PLA) pokusila položit silnici poblíž úzkého indického úzkého koridoru kuřecí krku spojujícího se severovýchodními státy v oblasti. tvrdí Bhútán.","Kromě války v roce 1962 hrozilo mezi Indií a Čínou vypuknutí většího vojenského konfliktu u Doklamské náhorní plošiny v roce 2017, když se Čínská lidová osvobozenecká armáda (PLA) pokusila vybudovat železnici poblíž úzkého indického koridoru Kuřecí krk, který spojuje západní a východní část Indie v oblasti nárokované také Bhútánem."
17,17,7,It was finally diplomatically resolved after which both sides pulled back their troops.,"Nakonec bylo diplomaticky vyřešeno, po kterém obě strany stáhly své jednotky zpět.",Nakonec bylo vše vyřešeno diplomatickou cestou a obě strany stáhly své vojenské jednotky.
17,17,8,"China also had a major military conflict with Vietnam in 1979. China claims sovereignty over all of South China Sea. Vietnam, Malaysia, the Philippines, Brunei and Taiwan have counter claims.","V roce 1979 měla Čína také velký vojenský konflikt s Vietnamem. Čína si nárokuje svrchovanost nad celým Jihočínským mořem. Vietnam, Malajsie, Filipíny, Brunej a Tchaj-wan mají protinávrhy.","V roce 1979 došlo také k velkému vojenskému konfliktu mezi Čínou a Vietnamem. Čína si nárokuje svrchovanost nad celým Jihočínským mořem. Avšak Vietnam, Malajsie, Filipíny, Brunej a Tchaj-wan také vznášejí územní nároky na tuto oblast."
18,18,1,"India's monsoon season has overrun by almost a month, with unprecedented rainfall causing deaths from collapsing buildings and many crops beginning to rot.","Indická monzunová sezóna se překročila téměř o měsíc, kdy bezprecedentní srážky způsobily úmrtí z hroutících se budov a mnoho plodin začalo hnít.","Monzunové období v Indii se prodloužilo téměř o měsíc, během kterého nebývale silné dešťové srážky způsobily úmrtí lidí kvůli zříceným budovám a hnití mnoha plodin."
18,18,2,"Normally the monsoon in north India recedes by the beginning of September, but the average rainfall this month has been 37% above normal. If the situation continues for the remaining few days, it will be the latest the monsoon has ever receded in decades, according to experts in the India Meteorological Department.","Normálně monzun v severní Indii ustupuje do začátku září, ale průměrná srážka v tomto měsíci byla o 37% nad normální. Pokud bude situace přetrvávat i po zbývajících několik dní, bude to podle odborníků indického meteorologického oddělení poslední monzun, který kdy za desetiletí ustoupil.","Monzuny v severní Indii obvykle ustupují do začátku září, ale průměrný měsíční úhrn srážek v tomto měsíci byl o 37% nad hodnotou normálu. Pokud bude situace přetrvávat i po zbývajících několik dní, bude to podle odborníků indického meteorologického ústavu nejdéle, kdy za poslední desetiletí monzun ustoupil."
18,18,3,"Many areas of the country are still getting unprecedented rain, the latest being the town of Pune in western India, where torrential rain on Wednesday and Thursday caused several deaths and havoc from collapsed buildings.","Mnoho oblastí země stále dostává bezprecedentní déšť. Poslední z nich je město Pune v západní Indii, kde přívalové deště ve středu a ve čtvrtek způsobily několik úmrtí a zmatků způsobených zhroucenými budovami.","V mnoha oblastech země stále silně prší, nejnověji ve městě Púne v západní Indii, kde přívalové deště ve středu a ve čtvrtek způsobily úmrtí několika lidí a zmatky kvůli zříceným budovám."
18,18,4,Homes were flooded and people waded through streets with water up to their knees in scenes normally seen only at the height of the monsoon.,Domy byly zaplaveny a lidé brodili ulicemi vodou až ke kolenům ve scénách běžně viděných pouze ve výšce monzunu.,Domy byly zaplavené a lidé se brodili ulicemi vodou až na kolena na místech běžně viditelných jen ve výšce monzunu.
18,18,5,"Other cities such as Kolkata, Lucknow and Hyderabad have also experienced heavy rainfall. Uttarakhand state in the north has seen extensive damage to homes from the prolonged rains.","Další města, jako jsou Kalkata, Lucknow a Hyderabad, také zažily silné srážky. Uttarakhandský stát na severu viděl rozsáhlé škody na domovech způsobené dlouhodobými dešti.","Další města, jako jsou Kalkata, Lakhnaú a Haidarábád, také zažila silné srážky. Ve státě Uttarákhand na severu země způsobily dlouhodobé deště rozsáhlé škody na domovech lidí."
18,18,6,The monsoon was also late to arrive. Many areas suffered water shortages and farmers braced themselves for a possible drought.,Monzun také přijel pozdě. Mnoho oblastí utrpělo nedostatek vody a zemědělci se připravili na možné sucho.,Monzun také přišel později než obvykle. Mnoho oblastí trpělo nedostatkem vody a zemědělci se připravovali na možné sucho.
18,18,7,"The extended monsoon is not welcome among farmers. ""This amount of rain is not normal at this time of the year. It is making my vegetables - I've got cabbage, beans, peas and tomatoes at the moment - rot,"" said Prakash Mehra, a small farmer in Bhimtal in Uttarakhand.","Rozšířený monzun není mezi farmáři vítán. ""Toto množství deště není v této roční době normální. Vyrábí moji zeleninu - v tuto chvíli mám zelí, fazole, hrášek a rajčata - hnilobu,"" řekl Prakash Mehra, malý farmář v Bhimtalu v Uttarakhandu .","Prodloužené monzunové období nevidí farmáři rádi. „Takové množství deště není v této roční době normální. Způsobuje – momentálně u zelí, fazolí, hrášku a rajčat – hnilobu mojí zeleniny,“ řekl Prakash Mehra, malý farmář z Bhimtalu v Uttarákhandu."
18,18,8,"For consumers, the impact of the delayed and now late-receding monsoon has meant a rise in the price in the price of onions, an essential ingredient in Indian food. Onions are selling at 80 rupees (about £1) a kilo in cities such as Delhi and Mumbai, as opposed to the normal 20 rupees (23p).","Pro spotřebitele znamenal dopad zpožděného a nyní opožděného monzunu zvýšení ceny cibule, základní složky indického jídla. Cibule se prodávají za 80 rupií (asi 1 libra) za kilogram ve městech, jako je Dillí a Bombaj, na rozdíl od běžných 20 rupií (23p).","Pro spotřebitele znamená dopad zpožděného a nyní déle trvajícího monzunu zvýšení ceny cibule, základní složky indických pokrmů. Cibule se prodává za 80 rupií (cca 1 libra) za kilogram ve městech, jako je Dillí a Bombaj, na rozdíl od běžné ceny 20 rupií (23 pencí)."
19,19,1,"US sends troops, air defense systems to Saudi Arabia to deter Iran attacks","USA vysílají do Saúdské Arábie vojáky, systémy protivzdušné obrany, aby odrazily íránské útoky","USA posílají do Saúdské Arábie vojenské jednotky, systémy protivzdušné obrany, aby odrazily útoky Íránu"
19,19,2,"The U.S. is sending a Patriot missile battery, four ground-based radar systems, and 200 support troops to Saudi Arabia to deter Iran's increasingly aggressive behavior, officials announced Thursday.","USA odesílají raketovou baterii Patriot, čtyři pozemní radarové systémy a 200 podpůrných jednotek do Saúdské Arábie, aby odrazily stále agresivnější chování Íránu.","USA posílají do Saúdské Arábie raketovou baterii Patriot, čtyři pozemní radarové systémy a 200 podpůrných vojenských jednotek, aby se bránily proti stále agresivnějšímu chování Íránu, oznámily ve čtvrtek úřady."
19,19,3,"A THAAD missile defense system and two additional Patriot missile batteries are prepared to go if needed, the Pentagon said.","Raketový obranný systém THAAD a dvě další raketové baterie Patriot jsou připraveny v případě potřeby jít, řekl Pentagon.","Raketový obranný systém THAAD a další dvě raketové baterie Patriot jsou v případě potřeby připraveny, řekl Pentagon."
19,19,4,"""Other countries have called out Iranian misadventures in the region, and we look for them to contribute assets in an international effort to reinforce Saudi Arabia's defense,"" Pentagon spokesman Jonathan Hoffman said.","""Jiné země vyzvaly íránské zneužívání v tomto regionu a my hledáme, aby přispěli prostředky v mezinárodním úsilí o posílení obrany Saúdské Arábie,"" řekl mluvčí Pentagonu Jonathan Hoffman.","„Další země vyzvaly Írán, aby upustil od násilného chování v tomto regionu, a my se snažíme, aby se aktivně zapojily do mezinárodní snahy o posílení obrany Saúdské Arábie,“ řekl mluvčí Pentagonu Jonathan Hoffman."
19,19,5,"Last week, Defense Secretary Mark Esper said more troops would deploy to the Middle East as a ""defensive"" measure to help protect against attacks from Iran.","Minulý týden ministr obrany Mark Esper uvedl, že další jednotky budou nasazeny na Blízký východ jako „obranné“ opatření na ochranu před útoky z Íránu.","Americký ministr obrany Mark Esper minulý týden uvedl, že další jednotky budou nasazeny na Blízký východ jako „obranné“ opatření na ochranu před útoky ze strany Íránu."
19,19,6,Esper said the deployment was a first step toward addressing Iran's increasingly violent acts in the region -- including this month's drone attack on Saudi Arabian oil facilities -- and he called on other nations to step up and condemn the attacks.,"Esper uvedl, že rozmístění bylo prvním krokem k řešení stále násilnějších činů Íránu v regionu - včetně tohoto útoku dronů na tento měsíc na saúdskoarabská ropná zařízení - a vyzval další země, aby útoky zintenzívnily a odsoudily.","Esper řekl, že rozmístění jednotek bylo prvním krokem k řešení stále agresivnějšího chování Íránu v daném regionu – včetně útoku dronů na saúdskoarabská ropná zařízení tento měsíc – a vyzval další země, aby rychle jednaly a odsoudily tyto útoky."
19,19,7,"Iran-backed Houthi rebels in Yemen claimed responsibility for the Sept. 14 attack on the world's largest oil processing plant and a major oil field, but the U.S. and Saudi Arabia blamed Iran directly. Iran has denied involvement in the attack.","Íránem podporovaní reholové Houthi v Jemenu si nárokovali odpovědnost za útok ze 14. září na největší ropnou továrnu na zpracování ropy a hlavní ropné pole, ale USA a Saúdská Arábie obviňují Irán přímo. Írán odmítl účast na útoku.","Íránem podporovaní Houthi rebelové v Jemenu se přihlásili k odpovědnosti za útok ze 14. září na největší saúdské ropné zařízení a hlavní ropné pole, ale USA a Saúdská Arábie obviňují přímo Irán. Írán odmítl, že se na útoku podílel."
19,19,8,"""It is clear [...] that the weapons used were Iranian-produced and were not launched from Yemen,"" Esper said Friday, noting that all signs indicate ""Iran was responsible for the attack.""","""Je jasné [...], že použité zbraně byly vyrobeny v Íránu a nebyly vypuštěny z Jemenu,"" řekl Esper v pátek a poznamenal, že všechna označení ukazují, že za útok byl zodpovědný Írán. ""","„Je jasné [...], že zbraně použité při útoku byly vyrobené v Íránu a nebyly vypuštěné z Jemenu,“ řekl Esper v pátek a poznamenal, že všechny indicie naznačují, že za útok byl zodpovědný Írán."
20,20,1,"Seth Dunlap Louisiana: WWL Radio host threatening to sue over anti-gay tweet sent the tweet himself, station claims, similar to Jussie Smollett case","Seth Dunlap Louisiana: WWL Radio hostitel, který hrozí, že bude žalovat proti anti-gay tweetu, poslal tweet sám, tvrdí stanice, podobně jako případ Jussie Smolletta","Seth Dunlap, Louisiana: moderátor americké rozhlasové stanice WWL, který vyhrožuje žalobou kvůli homofobnímu tweetu, je jeho vlastním autorem, podobně jako v případu Jussie Smolletta, tvrdí WWL"
20,20,2,"A radio host in New Orleans said he received an anti-gay slur, sent to him from the radio station's Twitter account. On Wednesday, WWL host Seth Dunlap, who is openly gay, said he planned to sue the station's parent company after working for years in a homophobic and hostile workplace. In a strange turn of events Thursday, the New Orleans Police Department said the homophobic tweet sent to Dunlap came from none other than Dunlap's phone.","Hostitel rádia v New Orleans řekl, že dostal anti-gay slur, který mu byl zaslán z účtu Twitter rozhlasové stanice. Ve středu hostitel WWL Seth Dunlap, který je otevřeně gay, řekl, že po letech strávených na homofobním a nepřátelském pracovišti plánuje žalovat mateřskou společnost stanice. V podivné události ve čtvrtek policejní oddělení v New Orleans uvedlo, že homofobní pípnutí poslané Dunlapovi nepocházelo od nikoho jiného než od Dunlapova telefonu.","Moderátor rozhlasové stanice v New Orleans řekl, že mu přišel urážlivý komentář zaměřený proti homosexuálům, který mu byl zaslán z twitterového účtu rozhlasové stanice WWL. Moderátor Seth Dunlap, který se netají svou homosexuální orientací, ve středu prohlásil, že po letech strávených na homofobním a nepřátelském pracovišti má v úmyslu žalovat mateřskou společnost rozhlasové stanice. V rámci podivného zvratu událostí policejní oddělení v New Orleans ve čtvrtek oznámilo, že homofobní tweet zaslaný Dunlapovi pocházel přímo z jeho telefonu."
20,20,3,"The tweet in question was sent earlier this month and the day it was sent, Dunlap hosted his show as usual. But the next day, he announced a leave of absence, CBS affiliate WWL-TV reports.","Dotyčný tweet byl zaslán začátkem tohoto měsíce a v den, kdy byl odeslán, hostil svou show jako obvykle. Ale příští den oznámil, že odešel z nepřítomnosti, hlásí přidružené společnosti CBS WWL-TV.","Tweet byl zaslán na začátku tohoto měsíce a v den, kdy byl odeslán, Dunlap jako obvykle moderoval svoji show. Následujícího dne však ohlásil služební volno, uvedla televizní stanice WWL, přidružená divize společnosti CBS."
20,20,4,"In a statement, Dunlap said 14 people had access WWL's Twitter account. He claimed he was not one of the people with access to the account.","Dunlap ve svém prohlášení uvedl, že 14 lidí mělo přístup k účtu WWL na Twitteru. Tvrdil, že nebyl jedním z lidí s přístupem k účtu.","Dunlap ve svém prohlášení uvedl, že k účtu WWL na Twitteru mělo přístup 14 lidí. Tvrdí, že nepatřil k lidem, kteří měli k tomuto účtu přístup."
20,20,5,"However, he decided to take a polygraph test to dispel any speculation that he was the one who sent the tweet to himself, his lawyer Megan Kiefer, said. A lawsuit has not yet been filed on Dunlap's behalf, but he said in his statement that one would be coming, according to WWL-TV.","Rozhodl se však provést polygrafický test, aby rozptýlil veškeré spekulace, že on byl ten, kdo poslal tweet sám sobě, řekl jeho právník Megan Kiefer. Žaloba zatím nebyla podána jménem společnosti Dunlap, ale ve svém prohlášení uvedl, že podle WWL-TV se jedna chystá.","Rozhodl se však podstoupit test na detektoru lži, aby vyvrátil všechny spekulace o tom, že poslal tweet sám sobě, řekla jeho právnička Megan Kieferová. Dunlap zatím žalobu nepodal, ale podle WWL ve svém prohlášení zmínil, že ji v brzké době předloží."
20,20,6,"WWL Radio, which is a CBS News Radio affiliate but is owned by Entercom, said in a statement it had investigated the tweet and decided to refer the matter to law enforcement officials. ""WWL has completed its investigation into the highly offensive, unauthorized tweet sent from WWL's Twitter account on September 10, which directed a homophobic slur at Seth Dunlap,"" said WWL Radio in a statement.","Společnost WWL Radio, která je přidruženou společností CBS News Radio, ale je ve vlastnictví společnosti Entercom, uvedla ve svém prohlášení, že prozkoumala tweet a rozhodla se postoupit záležitost úředníkům činným v trestním řízení. „Společnost WWL dokončila vyšetřování vysoce útočného, ​​neoprávněného tweetu zaslaného z účtu WWL na Twitteru 10. září, který na Seth Dunlap nasměroval homofobní slur,“ uvedl v prohlášení WWL Radio.","Stanice WWL, která patří pod rozhlasovou síť CBS News Radio vlastněnou společností Entercom, ve svém prohlášení uvedla, že nechala tweet podrobit zkoumání a rozhodla se postoupit záležitost orgánům činným v trestním řízení. „Společnost WWL uzavřela vyšetřování velmi útočného, neoprávněného tweetu zaslaného z twitterového účtu WWL 10. září, a jehož obsahem byly homofobní urážky namířené proti Sethu Dunlapovi,“ uvedla WWL."
20,20,7,"""We determined that the most appropriate next step is to involve law enforcement. At this point, the investigation is in the hands of law enforcement and it is not appropriate for us to comment any further on the substance of our findings,"" the statement continue.","„Zjistili jsme, že nejvhodnějším dalším krokem je zapojení orgánů činných v trestním řízení. V tomto okamžiku je vyšetřování v rukou orgánů činných v trestním řízení a není vhodné, abychom se dále vyjadřovali k podstatě našich zjištění,“ pokračuje prohlášení .","„Jsme přesvědčeni, že dalším vhodným krokem bude zapojit orgány činné v trestním řízení. V tomto okamžiku je vyšetřování v jejich kompetenci a není možné, abychom se nadále vyjadřovali k detailům našich zjištění,“ stojí dále v prohlášení."
20,20,8,The New Orleans Police Department opened their investigation into the tweet and in a police report Thursday revealed a twist in the story: The homophobic slur was allegedly sent from Dunlap's personal cellphone.,Policejní oddělení v New Orleans zahájilo vyšetřování pípání a ve zprávě policie ve čtvrtek odhalil zvrat v příběhu: Homofobní slur byl údajně odeslán z Dunlapova osobního mobilního telefonu.,Policejní oddělení v New Orleans zahájilo vyšetřování tweetu a jeho čtvrteční zpráva přinesla zvrat do celého případu: homofobní zpráva byla údajně odeslána z Dunlapova soukromého mobilního telefonu.
